１位,p,1
１周年記念,p,1
１勝,p,1
１番,p,1
２次感染,n,-1
２失点,n,-1
３連敗,n,-1
ＡＩＤＳ,n,-1
ＡＴフィールド,p,1
Ａ型肝炎,n,-1
ＢＩＧ,p,1
ＢＯＴ,n,-1
ＢＳＥ,n,-1
Ｃ型肝炎,n,-1
ＤＶ,n,-1
ＥＤ,n,-1
ＨＩＶ,n,-1
ＨＩＶ感染,n,-1
ＫＯ,p,1
ＮＧ,n,-1
ＰＭＳ,n,-1
ＰＴＳＤ,n,-1
ＳＡＲＳ,n,-1
ＴＫＯ,n,-1
あいまい,n,-1
あからさま,n,-1
あきらめ,n,-1
あく抜け,p,1
あこがれ,p,1
あざやか,p,1
あせも,n,-1
あたたかさ,p,1
あだ,n,-1
あだおろそか,n,-1
あだおろそか・あだやおろそか,n,-1
あだやおろそか,n,-1
あっぱれ,p,1
あでやか,p,1
あどけなさ,p,1
あなたらしさ,p,1
ありがたさ,p,1
ありがたみ,p,1
ありがた迷惑,n,-1
いい気持ち,p,1
いい気持ち／気分,p,1
いい気分,p,1
いかがわしさ,n,-1
いかさま,n,-1
いさかい,n,-1
いざこざ,n,-1
いじめ,n,-1
いじらしさ,p,1
いたずら,n,-1
いたずら電話,n,-1
いたみ,n,-1
いたわり,p,1
いとしさ,p,1
いのち,p,1
いばらの道,n,-1
いびき,n,-1
いびり,n,-1
いぼ,n,-1
いやらしさ,n,-1
いらいら,n,-1
いらだち,n,-1
うかうか,n,-1
うかつ,n,-1
うさ,n,-1
うさんくささ,n,-1
うずき,n,-1
うそ,n,-1
うそっぱち,n,-1
うそ偽り,n,-1
うそ八百,n,-1
うたぐり,n,-1
うだうだ,n,-1
うっかり,n,-1
うってつけ,p,1
うっぷん,n,-1
うっ血,n,-1
うつ,n,-1
うつ状態,n,-1
うつ病,n,-1
うまさ,p,1
うまみ,p,1
うま味,p,1
うらみ,n,-1
うらやみ,n,-1
うるささ,n,-1
うれしさ,p,1
えぐみ,n,-1
えん罪,n,-1
おいしさ,p,1
おいてきぼり,n,-1
おいてけぼり,n,-1
おかげ,p,1
おかぼれ,p,1
おこづかい,p,1
おざなり,n,-1
おしさ,n,-1
おしゃれ,p,1
おじけ,n,-1
おせっかい,n,-1
おそれ,n,-1
おぞましさ,n,-1
おたふく,n,-1
おたふく風邪,n,-1
おだぶつ,n,-1
おだやか,p,1
おちおち,n,-1
おっくう,n,-1
おでき,n,-1
おなら,n,-1
おねしょ,n,-1
おまけ,p,1
おめでた,p,1
おもしろさ,p,1
おもらし,n,-1
おろそか,n,-1
おカネ,p,1
おニュー,p,1
お陰,p,1
お陰さま,p,1
お陰様,p,1
お隠れ,n,-1
お化け,n,-1
お家騒動,n,-1
お楽しみ,p,1
お客様,p,1
お給料,p,1
お金,p,1
お祭り気分,p,1
お仕置き,n,-1
お邪魔,n,-1
お手ごろ価格,p,1
お手頃価格,p,1
お手上げ,n,-1
お小遣い,p,1
お笑い,p,1
お上手,p,1
お色気,p,1
お人柄,p,1
お説教,n,-1
お知恵,p,1
お得,p,1
お得感,p,1
お年玉,p,1
お疲れ,n,-1
お布施,p,1
お返し,p,1
お便り,p,1
お墨付き,p,1
お門違い,n,-1
お役所仕事,n,-1
お咎め,n,-1
お洒落,p,1
かぎ裂き,n,-1
かげり,n,-1
かさ上げ,n,-1
かすり傷,n,-1
かぜ,n,-1
かっこよさ,p,1
かっぱらい,n,-1
かなしみ,n,-1
かぶれ,n,-1
かゆさ,n,-1
かゆみ,n,-1
かわいさ,p,1
かわいそう,n,-1
かわいらしさ,p,1
がた,n,-1
がた落ち,n,-1
がん,n,-1
がん細胞,n,-1
きずな,p,1
きつさ,n,-1
きめ細かさ,p,1
きゃしゃ,n,-1
きらびやか,p,1
きりん児,p,1
きれい,p,1
きれい事,n,-1
ぎこちなさ,n,-1
ぎっくり腰,n,-1
ぎりぎり,n,-1
くじ運,p,1
くそ力,p,1
くたくた,n,-1
くたびれ,n,-1
くたびれもうけ,n,-1
くだらなさ,n,-1
くつろぎ,p,1
くどさ,n,-1
くも膜下出血,n,-1
くやしさ,n,-1
くる病,n,-1
ぐちゃぐちゃ,n,-1
けが,n,-1
けがれ,n,-1
けが人,n,-1
けだるさ,n,-1
けち,n,-1
けったい,n,-1
けなげ,p,1
けんか,n,-1
けんか腰,n,-1
げんなり,n,-1
こく,p,1
こそ泥,n,-1
こちこち,n,-1
こび,n,-1
こまめ,p,1
こらえ性,p,1
こわさ,n,-1
こんとん,n,-1
ごたごた,n,-1
ごたまぜ,n,-1
ごちゃまぜ,n,-1
ごまかし,n,-1
ごまのはえ,n,-1
ごみ,n,-1
ご縁,p,1
ご活躍,p,1
ご機嫌,p,1
ご興味,p,1
ご苦労,n,-1
ご好評,p,1
ご心配,n,-1
ご都合主義,n,-1
ご病気,n,-1
ご不便,n,-1
ご褒美,p,1
ご満足,p,1
ご迷惑,n,-1
ご利益,n,-1
さっぱり,p,1
さばさば,p,1
さび,n,-1
さびしさ,n,-1
さみしさ,n,-1
さわやか,p,1
さわやかさ,p,1
ざらつき,n,-1
ざわめき,n,-1
しあわせ,p,1
しがらみ,n,-1
しくじり,n,-1
しこめ,n,-1
しこり,n,-1
したい放題,n,-1
したたか,n,-1
しっかり,p,1
しっぺ返し,n,-1
しつこさ,n,-1
しとやか,p,1
しなやか,p,1
しなやかさ,p,1
しびれ,n,-1
しみ,n,-1
しゃっくり,n,-1
しゃれ男,p,1
しょっぱさ,n,-1
しらふ,n,-1
しり切れ,n,-1
しわ,n,-1
しわ寄せ,n,-1
しんどさ,n,-1
し損ない,n,-1
じり高,n,-1
じり貧,n,-1
すかっと,p,1
すかんぴん,n,-1
すきだらけ,n,-1
すきっと,p,1
すっきり,p,1
すったもんだ,n,-1
すってんてん,n,-1
すっと,p,1
すっぽかし,n,-1
すてき,p,1
すばやさ,p,1
すばらしさ,p,1
すり,n,-1
ずぶ濡れ,n,-1
ずぼら,n,-1
ずる,n,-1
せかせか,n,-1
せき,n,-1
せき払い,n,-1
せせら笑い,n,-1
せつなさ,n,-1
ぜんそく,n,-1
ぜん息,n,-1
そしり,n,-1
そねみ,n,-1
その場しのぎ,n,-1
その場逃れ,n,-1
それきり,n,-1
それきり・それっきり,n,-1
それっきり,n,-1
それなり,p,1
たおやか,p,1
たくましさ,p,1
たしなみ,p,1
たたずまい,p,1
ただれ,n,-1
ただれ目,n,-1
たっぷり,p,1
ため,p,1
ためらい傷,n,-1
ため息,n,-1
たらい回し,n,-1
たるみ,n,-1
だみ声,n,-1
だらしなさ,n,-1
だらだら,n,-1
だらっと,n,-1
だらりと,n,-1
だらんと,n,-1
だるさ,n,-1
だれ気味,n,-1
ちゃめっ気,p,1
ちゃらんぽらん,n,-1
ちょい役,n,-1
ちょっかい,n,-1
ちょんぼ,n,-1
つじ強盗,n,-1
つっけんどん,n,-1
つつましやか,p,1
つながり,p,1
つまずき,n,-1
つまらなさ,n,-1
つや,p,1
つらさ,n,-1
つわもの,p,1
つわり,n,-1
ていねい,p,1
てんかん,n,-1
てんこ盛り,p,1
てんやわんや,n,-1
できもの,n,-1
でこぼこ,n,-1
でたらめ,n,-1
でっち上げ,n,-1
とがめ,n,-1
とがり声,n,-1
ときめき,p,1
とどめ,n,-1
とばっちり,n,-1
とまどい,n,-1
どぎまぎ,n,-1
どさくさ,n,-1
どたキャン,n,-1
どら声,n,-1
どんでん返し,n,-1
どん底,n,-1
ど根性,p,1
なだらか,p,1
なつかしさ,p,1
なぶり殺し,n,-1
なまくら,n,-1
なめらか,p,1
なめらかさ,p,1
ならず者,n,-1
にきび,n,-1
にぎやか,p,1
にぎわい,p,1
にこにこ顔,p,1
ぬかるみ,n,-1
ぬか喜び,n,-1
ぬくもり,p,1
ぬめり,n,-1
ねぎらい,p,1
ねたましさ,n,-1
ねたみ,n,-1
のぞみ,p,1
ののしり,n,-1
のみの心臓,n,-1
のらくら,n,-1
のんべんだらり,n,-1
はしか,n,-1
はずみ,n,-1
はたらき,p,1
はた迷惑,n,-1
はちゃめちゃ,n,-1
はつらつ,p,1
はまり役,p,1
はやり風邪,n,-1
はやり目,n,-1
はらはら,n,-1
はれ物,n,-1
ばい菌,n,-1
ばか,n,-1
ばかばかしさ,n,-1
ばか力,p,1
ばつ,n,-1
ばらつき,n,-1
ひがみ,n,-1
ひき逃げ,n,-1
ひさしぶり,p,1
ひったくり,n,-1
ひとりよがり,n,-1
ひとり相撲,n,-1
ひとり立ち,p,1
ひと事,n,-1
ひどさ,n,-1
ひび割れ,n,-1
ひもじさ,n,-1
ひょう疽,n,-1
ひょっとこ,n,-1
ひ弱,n,-1
びくびく,n,-1
びんた,n,-1
ぴか一,p,1
ふがいなさ,n,-1
ふくよか,p,1
ふさぎの虫,n,-1
ふしだら,n,-1
ふん,n,-1
ぶおとこ,n,-1
ぶおんな,n,-1
ぶきっちょ,n,-1
ぶす,n,-1
ぶっきらぼう,n,-1
へったくれ,n,-1
へっぽこ,n,-1
へなちょこ,n,-1
へぼ,n,-1
へま,n,-1
へんちくりん,n,-1
へんてこ,n,-1
へんとう炎,n,-1
べたぼれ,p,1
べた褒め,p,1
べっぴん,p,1
ぺしゃんこ,n,-1
ほくほく顔,p,1
ほこり,n,-1
ほころび,n,-1
ほとぼり,n,-1
ほの字,p,1
ほほ笑み,p,1
ほろ酔い気分,p,1
ぼけ,n,-1
ぽか,n,-1
まごころ,p,1
まじめ,p,1
まじり,n,-1
まずさ,n,-1
まちがい,n,-1
まっさら,p,1
まとも,p,1
まどらか,p,1
まどろみ,p,1
まめ,p,1
まやかし,n,-1
まゆつば物,n,-1
まろやか,p,1
まん延,n,-1
みずみずしさ,p,1
みみずばれ,n,-1
むくみ,n,-1
むし歯,n,-1
むずかしさ,n,-1
むだ,n,-1
むちゃくちゃ,n,-1
むち打ち,n,-1
むなしさ,n,-1
むやみ,n,-1
むやみやたら,n,-1
めちゃ,n,-1
めちゃくちゃ,n,-1
めちゃめちゃ,n,-1
めったやたら,n,-1
めでたさ,p,1
めまい,n,-1
めんどう,n,-1
もうけ口,p,1
もうけ仕事,p,1
もうろく,n,-1
もだえ,n,-1
もどかしさ,n,-1
ものぐさ,n,-1
もの悲しさ,n,-1
もめ事,n,-1
もやもや,n,-1
もろさ,n,-1
やくざ,n,-1
やけ,n,-1
やけくそ,n,-1
やけっぱち,n,-1
やけっ腹,n,-1
やけど,n,-1
やさしさ,p,1
やっつけ仕事,n,-1
やぶ蛇,n,-1
やりがい,p,1
やりきれなさ,n,-1
やりたい放題,n,-1
やり過ぎ,n,-1
やるせなさ,n,-1
やる気,p,1
やわらかさ,p,1
ゆがみ,n,-1
ゆとり,p,1
よこしま,n,-1
よさ,p,1
よそ事,n,-1
よそ者,n,-1
よどみ,n,-1
らい,n,-1
らしさ,p,1
ろくすっぽ,n,-1
ろくろく,n,-1
わいせつ行為,n,-1
わかりやすさ,p,1
わがまま,n,-1
わき役,n,-1
わざ,p,1
わずらわしさ,n,-1
わだかまり,n,-1
わび,p,1
アイデア,p,1
アイディア,p,1
アイデンティティ,p,1
アイデンティティー,p,1
アウト,n,-1
アオコ,n,-1
アオリ,n,-1
アカ,n,-1
アクシデント,n,-1
アクセス制御機能,p,1
アクティブ,p,1
アットホーム,p,1
アップグレード,p,1
アデノイド,n,-1
アトピー,n,-1
アトピー性皮膚炎,n,-1
アナクロ,n,-1
アバウト,n,-1
アパルトヘイト,n,-1
アフガン戦争,n,-1
アフターサービス,p,1
アブノーマル,n,-1
アホ,n,-1
アミューズメント,p,1
アルコール依存症,n,-1
アルコール中毒,n,-1
アルツハイマー,n,-1
アルツハイマー病,n,-1
アル中,n,-1
アレルギー,n,-1
アレルギー疾患,n,-1
アレルギー性疾患,n,-1
アレルギー性鼻炎,n,-1
アレルギー体質,n,-1
アレルゲン,n,-1
アンティーク,p,1
アンバランス,n,-1
アンフェア,n,-1
イージーミス,n,-1
イエローカード,n,-1
イカサマ,n,-1
イジメ,n,-1
イタズラ,n,-1
イビキ,n,-1
イボ,n,-1
イマイチ,n,-1
イマジネーション,p,1
イメージアップ,p,1
イメージダウン,n,-1
イヤ,n,-1
イラク攻撃,n,-1
イラク侵攻,n,-1
イラク戦争,n,-1
インスピレーション,p,1
インセンティブ,p,1
インチキ,n,-1
インテリ,n,-1
インテリジェンス,p,1
インパクト,p,1
インフォームド・コンセント,p,1
インフォームドコンセント,p,1
インフルエンザ,n,-1
インフルエンザウイルス,n,-1
インフレ,n,-1
インポ,n,-1
インポテンツ,n,-1
ウィークポイント,n,-1
ウィルス,n,-1
ウィルスメール,n,-1
ウイークポイント,n,-1
ウイット,p,1
ウイルス,n,-1
ウイルスメール,n,-1
ウイルス感染,n,-1
ウイルス病,n,-1
ウソ,n,-1
ウツ,n,-1
ウデ,p,1
ウルトラＣ,p,1
ウワサ,n,-1
エール,p,1
エイズ,n,-1
エキスパート,p,1
エゴ,n,-1
エゴイズム,n,-1
エネルギー,p,1
エネルギー不足,n,-1
エネルギッシュ,p,1
エマージェンシー,n,-1
エラー,n,-1
エラーメッセージ,n,-1
エラーログ,n,-1
エリート,p,1
エリート意識,n,-1
エルボー,n,-1
エレガンス,p,1
エレガント,p,1
エレガントさ,p,1
エンスト,n,-1
オーバーフロー,n,-1
オーラ,p,1
オールマイティー,p,1
オイルショック,n,-1
オイル漏れ,n,-1
オカルト,n,-1
オシャレ,p,1
オリジナリティ,p,1
オリジナリティー,p,1
カウンターパンチ,n,-1
カオス,n,-1
カサカサ,n,-1
カサブタ,n,-1
カス,n,-1
カゼ,n,-1
カタルシス,p,1
カッコよさ,p,1
カッコ良さ,p,1
カビ,n,-1
カユミ,n,-1
カラフル,p,1
カリエス,n,-1
カリスマ,p,1
カルシウム不足,n,-1
カルチャーショック,n,-1
カルマ,n,-1
カンタン,p,1
カンニング,n,-1
ガーゴイル,n,-1
ガス漏れ,n,-1
ガソリン代,n,-1
ガッツ,p,1
ガン,n,-1
ガン細胞,n,-1
キズ,n,-1
キツイ言葉,n,-1
キャッシュバック,p,1
キャッチー,p,1
キャリア,p,1
キャンセル,n,-1
キュート,p,1
キレ,p,1
キレイ,p,1
ギックリ腰,n,-1
ギブス,n,-1
ギャグ,n,-1
ギャラ,p,1
ギャング,n,-1
クーデター,n,-1
クール,p,1
クォリティー,p,1
クオリティ,p,1
クビ,n,-1
クモ膜下出血,n,-1
クラッシュ,n,-1
クラミジア,n,-1
クリーン,p,1
クリア,p,1
クリエイティビティ,p,1
クリエイティブ,p,1
クリスマスプレゼント,p,1
クロイツフェルト・ヤコブ病,n,-1
グチ,n,-1
グラマー,p,1
グランドスラム,p,1
ケアレスミス,n,-1
ケガ,n,-1
ケガレ,n,-1
ケガ人,n,-1
ケチ,n,-1
ケンカ,n,-1
ゲーム性,p,1
ゲット,p,1
ゲットー,n,-1
ゲリラ,n,-1
ゲロ,n,-1
コースアウト,n,-1
コイン,p,1
コク,p,1
コスト,n,-1
コストアップ,n,-1
コスト高,n,-1
コスト面,n,-1
コップの中のあらし,n,-1
コツ,p,1
コマ落ち,n,-1
コミニュケーション,p,1
コミュニケーション,p,1
コミュニケーションスキル,p,1
コミュニケーション能力,p,1
コミュニケーション力,p,1
コリ,n,-1
コレステロール,n,-1
コレラ,n,-1
コンセプト,p,1
コンディション,p,1
コンパイルエラー,n,-1
コンパクト,p,1
コンパクトさ,p,1
コンビニエンス,p,1
コンピューターウィルス,n,-1
コンピュータウイルス,n,-1
コンフリクト,n,-1
コンプライアンス,p,1
コンプレックス,n,-1
ゴキブリ,n,-1
ゴジラ,n,-1
ゴブリン,n,-1
ゴミ,n,-1
サーバーエラー,n,-1
サーバーダウン,n,-1
サーバダウン,n,-1
サービス,p,1
サービス残業,n,-1
サービス水準,p,1
サービス提供,p,1
サクセス,p,1
サスペンス,n,-1
サディズム,n,-1
サヨナラ勝ち,p,1
サラ金,n,-1
シアワセ,p,1
シェイプアップ,p,1
シック,p,1
シックハウス,n,-1
シックハウス症候群,n,-1
シビア,n,-1
シミ,n,-1
シミソバカス,n,-1
シャープ,p,1
シャープさ,p,1
ショック,n,-1
シワ,n,-1
シンナー,n,-1
シンプルさ,p,1
ジェラシー,n,-1
ジフテリア,n,-1
ジャミング,n,-1
ジレンマ,n,-1
スイングアウト,n,-1
スカ,n,-1
スキ,n,-1
スキャンダル,n,-1
スキル,p,1
スキルアップ,p,1
スギ花粉症,n,-1
スケール,p,1
スケール感,p,1
スコンク,n,-1
スター,p,1
スター選手,p,1
スタイリッシュ,p,1
スタミナ,p,1
ステータス,p,1
ステータス異常,n,-1
ステイタス,p,1
ステキ,p,1
ステレオタイプ,n,-1
スト,n,-1
ストーカー,n,-1
ストーカー行為,n,-1
ストーカー被害,n,-1
ストイック,n,-1
ストップ,n,-1
ストレス,n,-1
ストレス解消,p,1
ストレス発散,p,1
スパイ,n,-1
スパイ容疑,n,-1
スパムメール,n,-1
スピーディー,p,1
スピード感,p,1
スペクタクル,p,1
スペシャリスト,p,1
スペシャル,p,1
スペック,p,1
スポーツマンシップ,p,1
スポーツ障害,n,-1
スポーティー,p,1
スマート,p,1
スマートさ,p,1
スマイル,p,1
スムース,p,1
スムーズ,p,1
スモッグ,n,-1
スラム,n,-1
スラム街,n,-1
スランプ,n,-1
スリップ,n,-1
スリップ事故,n,-1
スリム,p,1
スリル,p,1
ズレ,n,-1
セーフ,p,1
セーフティー,p,1
セールスポイント,p,1
セキュリティ,p,1
セキュリティー,p,1
セキュリティホール,n,-1
セクシー,p,1
セクシーさ,p,1
セクシュアルハラスメント,n,-1
セクハラ,n,-1
セミプロ,p,1
セミプロフェッショナル,p,1
セルライト,n,-1
センス,p,1
ゼロ敗,p,1
ソフト,p,1
ゾンビ,n,-1
タイプミス,n,-1
タイムラグ,n,-1
タイムロス,n,-1
タックル,n,-1
タッチアウト,n,-1
タフ,p,1
タフさ,p,1
タブー,n,-1
タルミ,n,-1
ダイオキシン,n,-1
ダイナミズム,p,1
ダイナミック,p,1
ダイナミックレンジ,p,1
ダウン,n,-1
ダニ,n,-1
ダブり,n,-1
ダブルパンチ,n,-1
ダミ声,n,-1
ダメ,n,-1
ダメージ,n,-1
ダメだし,n,-1
ダメ出し,n,-1
ダメ人間,n,-1
ダントツ,p,1
チープさ,n,-1
チームワーク,p,1
チェーンメール,n,-1
チェック機能,p,1
チフス,n,-1
チャームポイント,p,1
チャレンジ精神,p,1
チャンス,p,1
チャンピオン,p,1
チョップ,n,-1
チンピラ,n,-1
ツケ,n,-1
ツヤ,p,1
ヅラ,n,-1
テイスト,p,1
テキサスヒット,p,1
テク,p,1
テクニカルノックアウト,n,-1
テクニシャン,p,1
テクニック,p,1
テスト,n,-1
テロ,n,-1
テロリスト,n,-1
テロリズム,n,-1
テロル,n,-1
テロ攻撃,n,-1
テロ行為,n,-1
テロ事件,n,-1
テンション,p,1
デート,p,1
デーモン,n,-1
ディスク容量,p,1
デコピン,n,-1
デコボコ,n,-1
デザイン性,p,1
デッドボール,n,-1
デッドロック,n,-1
デフレ,n,-1
デフレ不況,n,-1
デブ,n,-1
デマ,n,-1
デマゴギー,n,-1
デメリット,n,-1
デリカシー,p,1
トーンダウン,n,-1
トップクラス,p,1
トップランナー,p,1
トライ,p,1
トラウマ,n,-1
トラコーマ,n,-1
トラブル,n,-1
トラブル等,n,-1
トラホーム,n,-1
トルク,p,1
ドキドキ感,p,1
ドジ,n,-1
ドタキャン,n,-1
ドライアイ,n,-1
ドラマティック,p,1
ドレスアップ,p,1
ドロ,n,-1
ドロップ,n,-1
ドロップアウト,n,-1
ナイス,p,1
ナショナリズム,n,-1
ナンセンス,n,-1
ニーズ,p,1
ニキビ,n,-1
ニキビ跡,n,-1
ニコチン中毒,n,-1
ニュアンス,p,1
ヌメリ,n,-1
ネタバレ,n,-1
ネタ切れ,n,-1
ネック,n,-1
ノーコントロール,n,-1
ノーヒットノーラン,p,1
ノーフィッシュ,n,-1
ノーベル賞,p,1
ノイズ,n,-1
ノイローゼ,n,-1
ノスタルジック,p,1
ノックダウン,n,-1
ノルマ,n,-1
ハードボイルド,p,1
ハードル,n,-1
ハイスピード,p,1
ハイパワー,p,1
ハズレ,n,-1
ハッピー,p,1
ハネムーン,p,1
ハリ,p,1
ハングリー精神,p,1
ハンセン病,n,-1
ハンデ,n,-1
ハンディ,n,-1
ハンディキャップ,n,-1
ハンデキャップ,n,-1
バージョンアップ,p,1
バーバリズム,n,-1
バイオレンス,n,-1
バイク事故,n,-1
バイタリティー,p,1
バカ,n,-1
バカバカしさ,n,-1
バグ,n,-1
バケモノ,n,-1
バセドー病,n,-1
バッシング,n,-1
バッファオーバーフロー,n,-1
バツ,n,-1
バブル景気,p,1
バラツキ,n,-1
バランス感覚,p,1
バンパイア,n,-1
バンプ,n,-1
パーキンソン病,n,-1
パージ,n,-1
パーフェクト,p,1
パイオニア,p,1
パクリ,n,-1
パケットロス,n,-1
パスミス,n,-1
パッション,p,1
パニック,n,-1
パニック障害,n,-1
パラドックス,n,-1
パラノイア,n,-1
パワー,p,1
パワーダウン,n,-1
パワー不足,n,-1
パワフル,p,1
パンク,n,-1
パンチ,n,-1
パンチ力,p,1
ヒール,n,-1
ヒーロー,p,1
ヒステリー,n,-1
ヒスノイズ,n,-1
ヒット,p,1
ヒット曲,p,1
ヒビ,n,-1
ヒポコンデリア,n,-1
ヒント,p,1
ビギナーズラック,p,1
ビタミン不足,n,-1
ビッグ,p,1
ビッグチャンス,p,1
ビンゴ,p,1
ビンタ,n,-1
ピッキング,n,-1
ピンぼけ,n,-1
ピンチ,n,-1
ファイト,p,1
ファウル,n,-1
ファジー,n,-1
ファッション性,p,1
ファン,p,1
ファンキー,p,1
フィードバック,p,1
フィラリア,n,-1
フェア,p,1
フェアプレー,p,1
フェロモン,p,1
フットワーク,p,1
フラストレーション,n,-1
フリーズ,n,-1
フリーター,n,-1
フルスピード,p,1
フレッシュ,p,1
フレッシュさ,p,1
フレンドリー,p,1
フン,n,-1
ブーイング,n,-1
ブーム,p,1
ブラック,n,-1
ブランク,n,-1
ブランドイメージ,p,1
ブランド品,p,1
ブリザード,n,-1
ブレ,n,-1
プライバシー,p,1
プライバシー侵害,n,-1
プラス,p,1
プラスアルファ,p,1
プリンス,p,1
プレゼント,p,1
プレッシャー,n,-1
プロ,p,1
プロフェッショナル,p,1
プロ意識,p,1
ヘタ,n,-1
ヘタレ,n,-1
ヘドロ,n,-1
ヘマ,n,-1
ヘルシー,p,1
ヘルニア,n,-1
ヘルペス,n,-1
ヘン,n,-1
ベースアップ,p,1
ベスト,p,1
ベスト１６,p,1
ベストセラー,p,1
ベタ,n,-1
ベテラン,p,1
ベトナム戦争,n,-1
ペーソス,n,-1
ペケ,n,-1
ペスト,n,-1
ペナルティ,n,-1
ペナルティー,n,-1
ホームシック,n,-1
ホコリ,n,-1
ホメオスタシス,p,1
ホモ,n,-1
ボーク,n,-1
ボーナス,p,1
ボケ,n,-1
ボツ,n,-1
ボディーブロー,n,-1
ボディブロー,n,-1
ボヤ,n,-1
ボリューム感,p,1
ボロボロ,n,-1
ポイント,p,1
ポイ捨て,n,-1
ポップ,p,1
ポテンシャル,p,1
ポリープ,n,-1
ポルノ,n,-1
マイナー,n,-1
マイナス,n,-1
マイナスイメージ,n,-1
マイナス点,n,-1
マイナス幅,n,-1
マイナス面,n,-1
マイナス要因,n,-1
マイペース,p,1
マイルド,p,1
マキシマム,p,1
マグマ,n,-1
マシンパワー,p,1
マゾヒズム,n,-1
マドンナ,p,1
マネ,n,-1
マネー,p,1
マネジメント能力,p,1
マヒ,n,-1
マフィア,n,-1
マラリア,n,-1
マンネリ,n,-1
マンネリズム,n,-1
マンネリ化,n,-1
マンパワー,p,1
ミサイル,n,-1
ミス,n,-1
ミステーク,n,-1
ミスマッチ,n,-1
ミニマム,n,-1
ミネラル,p,1
ミュージシャン,p,1
ミラクル,p,1
ムダ,n,-1
ムチャ,n,-1
ムラ,n,-1
ムリ,n,-1
メーカー保証,p,1
メガヒット,p,1
メダル,p,1
メッタ打ち,n,-1
メディアリテラシー,p,1
メモリリーク,n,-1
メモリ不足,n,-1
メランコリー,n,-1
メリット,p,1
メリハリ,p,1
モダン,p,1
モチベーション,p,1
モチモチ感,p,1
モノマニア,n,-1
モラル,p,1
モラルハザード,n,-1
ヤケ,n,-1
ヤニ,n,-1
ヤバさ,n,-1
ヤル気,p,1
ユーザビリティ,p,1
ユニークさ,p,1
ライフ,p,1
ラッキー,p,1
ラッシュ,n,-1
ラブ,p,1
リーズナブル,p,1
リーダーシップ,p,1
リアリズム,p,1
リアリティ,p,1
リアル,p,1
リアルタイム性,p,1
リウマチ,n,-1
リコール,n,-1
リスク,n,-1
リストラ,n,-1
リスペクト,p,1
リズム感,p,1
リゾート,p,1
リゾート気分,p,1
リッチ,p,1
リテラシー,p,1
リバウンド,n,-1
リフレッシュ,p,1
リベンジ,p,1
リューマチ,n,-1
リューマチ熱,n,-1
リュウマチ,n,-1
リラックス,p,1
リラックスムード,p,1
リラックス感,p,1
リンク切れ,n,-1
リンチ,n,-1
ルーズ,n,-1
ループ,n,-1
レーダー,p,1
レイプ,n,-1
レクリエーション,p,1
レジオネラ症,n,-1
レジスタンス,n,-1
レジャー,p,1
レスキュー,p,1
レッテル,n,-1
レッドパージ,n,-1
レトロ,p,1
レパートリー,p,1
レベルアップ,p,1
レヴェル,p,1
ローン,n,-1
ロス,n,-1
ロマン,p,1
ロマンス,p,1
ロマンティック,p,1
ワースト,n,-1
ワーム,n,-1
ワイルドさ,p,1
ワイルドピッチ,n,-1
ワガママ,n,-1
ワキガ,n,-1
ワナ,n,-1
ワンダフル,p,1
ワンパターン,n,-1
ヴィジョン,p,1
亜聖,p,1
哀しさ,n,-1
哀しみ,n,-1
哀れ,n,-1
哀れさ,n,-1
哀れみ,n,-1
哀れむべき,n,-1
哀感,n,-1
哀歓,n,-1
哀傷,n,-1
哀切,n,-1
哀調,n,-1
愛,p,1
愛くるしさ,p,1
愛らしさ,p,1
愛郷,p,1
愛国心,p,1
愛妻,p,1
愛情,p,1
愛想笑い,n,-1
愛想尽かし,n,-1
愛憎,n,-1
愛着,p,1
愛別離苦,n,-1
愛憐,p,1
愛嬌,p,1
逢瀬,p,1
悪,n,-1
悪さ,n,-1
悪意,n,-1
悪運,n,-1
悪影響,n,-1
悪疫,n,-1
悪化,n,-1
悪寒,n,-1
悪感情,n,-1
悪漢,n,-1
悪気,n,-1
悪鬼,n,-1
悪戯,n,-1
悪逆,n,-1
悪業,n,-1
悪玉,n,-1
悪玉コレステロール,n,-1
悪玉菌,n,-1
悪口,n,-1
悪口雑言,n,-1
悪巧み,n,-1
悪行,n,-1
悪事,n,-1
悪疾,n,-1
悪質,n,-1
悪者,n,-1
悪趣,n,-1
悪趣味,n,-1
悪習,n,-1
悪習慣,n,-1
悪臭,n,-1
悪循環,n,-1
悪女,n,-1
悪神,n,-1
悪人,n,-1
悪酔い,n,-1
悪性,n,-1
悪性リンパ腫,n,-1
悪性腫瘍,n,-1
悪政,n,-1
悪声,n,-1
悪戦苦闘,n,-1
悪相,n,-1
悪態,n,-1
悪代官,n,-1
悪知恵,n,-1
悪党,n,-1
悪道,n,-1
悪徳,n,-1
悪徳業者,n,-1
悪徳商法,n,-1
悪罵,n,-1
悪評,n,-1
悪病,n,-1
悪癖,n,-1
悪法,n,-1
悪魔,n,-1
悪夢,n,-1
悪名,n,-1
握力,p,1
圧勝,p,1
圧制,n,-1
圧政,n,-1
圧迫感,n,-1
圧伏,n,-1
圧服,n,-1
圧服・圧伏,n,-1
飴,p,1
安さ,p,1
安っぽさ,n,-1
安らか,p,1
安らかさ,p,1
安らぎ,p,1
安易,n,-1
安逸,n,-1
安穏,p,1
安価,p,1
安楽,p,1
安楽死,n,-1
安上がり,p,1
安心,p,1
安心安全,p,1
安心感,p,1
安請け合い,n,-1
安全,p,1
安全安心,p,1
安全性,p,1
安全第一,p,1
安息,p,1
安泰,p,1
安直,n,-1
安定,p,1
安定化,p,1
安定感,p,1
安定性,p,1
安堵,p,1
安堵感,p,1
安寧,p,1
安眠,p,1
暗雲,n,-1
暗黒面,n,-1
暗殺,n,-1
暗礁,n,-1
暗中模索,n,-1
暗躍,n,-1
伊達,p,1
依存,n,-1
依存症,n,-1
偉観,p,1
偉業,p,1
偉効,p,1
偉才,p,1
偉材,p,1
偉材・異材,p,1
偉人,p,1
偉大,p,1
偉大さ,p,1
偉物,p,1
威圧,n,-1
威圧感,n,-1
威嚇,n,-1
威厳,p,1
威信,p,1
威容,p,1
威力,p,1
意気,p,1
意気込み,p,1
意気消沈,n,-1
意気阻喪,n,-1
意義,p,1
意志,p,1
意志疎通,p,1
意思疎通,p,1
意思統一,p,1
意思能力,p,1
意識,p,1
意識障害,n,-1
意識不明,n,-1
意匠,p,1
意匠性,p,1
意地,n,-1
意地悪,n,-1
意味,p,1
意欲,p,1
慰め,p,1
易さ,p,1
為替,p,1
為替差損,n,-1
畏敬,p,1
畏縮,n,-1
畏怖,n,-1
異音,n,-1
異観,n,-1
異義,n,-1
異議,n,-1
異国情緒,p,1
異質,n,-1
異臭,n,-1
異常,n,-1
異常さ,n,-1
異常行動,n,-1
異常事態,n,-1
異常性,n,-1
異常性欲,n,-1
異常値,n,-1
異端,n,-1
異物,n,-1
異物混入,n,-1
異変,n,-1
異様,n,-1
異論,n,-1
胃かいよう,n,-1
胃がん,n,-1
胃けいれん,n,-1
胃カタル,n,-1
胃ガン,n,-1
胃炎,n,-1
胃下垂,n,-1
胃拡張,n,-1
胃癌,n,-1
胃弱,n,-1
胃腸炎,n,-1
胃腸病,n,-1
胃痛,n,-1
胃潰瘍,n,-1
胃病,n,-1
萎縮,n,-1
萎靡,n,-1
違背,n,-1
違反,n,-1
違法,n,-1
違法コピー,n,-1
違法行為,n,-1
違約,n,-1
違和,n,-1
違和感,n,-1
遺愛,p,1
遺憾,n,-1
遺恨,n,-1
遺産,p,1
遺体,n,-1
遺徳,p,1
遺髪,n,-1
遺品,n,-1
遺漏,n,-1
医療サービス,p,1
医療ミス,n,-1
医療費助成,p,1
医療不信,n,-1
一つ一つ,p,1
一安心,p,1
一因,n,-1
一押し,p,1
一押し・一推し,p,1
一過性,n,-1
一喝,n,-1
一貫性,p,1
一騎当千,p,1
一騎討ち,n,-1
一級,p,1
一撃,n,-1
一撃必殺,p,1
一酸化炭素中毒,n,-1
一死,n,-1
一時しのぎ,n,-1
一時逃れ,n,-1
一緒,p,1
一緒くた,n,-1
一助,p,1
一推し,p,1
一生,p,1
一生懸命,p,1
一斉射撃,n,-1
一線級,p,1
一体感,p,1
一大事,n,-1
一途,p,1
一難,n,-1
一敗,n,-1
一杯,p,1
一杯機嫌,p,1
一番,p,1
一文なし,n,-1
一辺倒,n,-1
一本調子,n,-1
一命,p,1
一利,p,1
一流,p,1
一揆,n,-1
一臂の力,p,1
溢美,p,1
逸材,p,1
逸足,p,1
逸脱,n,-1
逸品,p,1
逸物,p,1
因縁,n,-1
因果,n,-1
因業,n,-1
引かれ者の小唄,n,-1
引き受け,p,1
引き立て,p,1
引き立て役,n,-1
引け目,n,-1
引ったくり,n,-1
飲みすぎ,n,-1
飲み過ぎ,n,-1
飲み料,n,-1
淫ら,n,-1
淫行,n,-1
淫売,n,-1
淫欲,n,-1
淫乱,n,-1
院内感染,n,-1
陰り,n,-1
陰萎,n,-1
陰気,n,-1
陰金,n,-1
陰口,n,-1
陰謀,n,-1
隠し事,n,-1
隠蔽,n,-1
宇宙人,n,-1
羽子板,p,1
羽翼,p,1
雨降り,n,-1
雨風,n,-1
雨漏り,n,-1
渦,n,-1
渦中,n,-1
嘘,n,-1
嘘つき,n,-1
運,p,1
運の尽き,n,-1
運気,p,1
運休,n,-1
運転技術,p,1
運動障害,n,-1
運動神経,p,1
運動性,p,1
運動性能,p,1
運動能力,p,1
運動不足,n,-1
餌食,n,-1
叡智,p,1
営業停止,n,-1
影,n,-1
影響力,p,1
栄,p,1
栄え,p,1
栄華,p,1
栄冠,p,1
栄光,p,1
栄誉,p,1
栄養,p,1
栄養価,p,1
栄養失調,n,-1
栄養障害,n,-1
栄養素,p,1
栄養不足,n,-1
栄養分,p,1
永遠,p,1
永住権,p,1
泳力,p,1
英気,p,1
英傑,p,1
英語能力,p,1
英語力,p,1
英俊,p,1
英知,p,1
英哲,p,1
英名,p,1
英雄,p,1
英霊,p,1
詠嘆,p,1
鋭さ,p,1
鋭気,p,1
鋭敏,p,1
液漏れ,n,-1
疫,n,-1
疫病,n,-1
疫病神,n,-1
悦,p,1
悦び,p,1
悦楽,p,1
厭悪,n,-1
厭軍,n,-1
厭世,n,-1
厭戦,n,-1
厭戦気分,n,-1
円滑,p,1
円滑化,p,1
円形脱毛症,n,-1
円転滑脱,p,1
円満,p,1
延び延び,n,-1
延引,n,-1
延焼,n,-1
延性,p,1
怨み,n,-1
怨恨,n,-1
怨敵,n,-1
怨念,n,-1
怨霊,n,-1
怨嗟,n,-1
演技力,p,1
炎,n,-1
炎症,n,-1
炎上,n,-1
煙,n,-1
煙害,n,-1
猿知恵,n,-1
縁,p,1
艶,p,1
艶聞,n,-1
遠回り,n,-1
遠足気分,p,1
遠島,n,-1
遠慮気味,n,-1
鉛中毒,n,-1
塩害,n,-1
塩辛さ,n,-1
塩素臭,n,-1
塩蔵,p,1
汚さ,n,-1
汚れ,n,-1
汚れ役,n,-1
汚職,n,-1
汚職事件,n,-1
汚水,n,-1
汚染,n,-1
汚染源,n,-1
汚損,n,-1
汚濁,n,-1
汚泥,n,-1
汚点,n,-1
汚物,n,-1
汚名,n,-1
凹凸,n,-1
奥ゆかしさ,p,1
奥義,p,1
奥行き,p,1
奥深さ,p,1
往生,n,-1
往復ビンタ,n,-1
応募者,p,1
応用力,p,1
応力,p,1
押しつけ,n,-1
押し込み強盗,n,-1
押せ押せ,n,-1
旺盛,p,1
横やり,n,-1
横レス,n,-1
横殴り,n,-1
横行,n,-1
横着,n,-1
横風,n,-1
横暴,n,-1
横揺れ,n,-1
横領,n,-1
横恋慕,n,-1
殴打,n,-1
王権,p,1
王者,p,1
王族,p,1
王道,p,1
黄金時代,p,1
黄砂,n,-1
黄濁,n,-1
屋号,p,1
臆見,n,-1
臆病,n,-1
俺様,n,-1
恩,p,1
恩愛,p,1
恩義,p,1
恩恵,p,1
恩情,p,1
恩沢,p,1
温かさ,p,1
温かみ,p,1
温もり,p,1
温厚,p,1
温柔,p,1
温順,p,1
温情,p,1
温暖化,n,-1
温度差,n,-1
温良,p,1
温和,p,1
穏やか,p,1
穏やかさ,p,1
穏健,p,1
穏当,p,1
穏便,p,1
穏和,p,1
音楽性,p,1
音感,p,1
音質,p,1
音質劣化,n,-1
音痴,n,-1
音漏れ,n,-1
下げ,n,-1
下げ渋り,n,-1
下の下,n,-1
下り坂,n,-1
下ネタ,n,-1
下火,n,-1
下血,n,-1
下手,n,-1
下手くそ,n,-1
下心,n,-1
下品,n,-1
下方修正,n,-1
下野,n,-1
下落,n,-1
下痢,n,-1
化け物,n,-1
化学物質過敏症,n,-1
化膿,n,-1
仮構,n,-1
仮病,n,-1
価格,n,-1
価格下落,n,-1
価格競争力,p,1
価値,p,1
佳,p,1
佳景,p,1
佳作,p,1
佳什,p,1
佳人,p,1
佳編,p,1
佳味,p,1
加害,n,-1
加害者,n,-1
加虐,n,-1
加護,p,1
加工性,p,1
加勢,p,1
加速性能,p,1
加担・荷担,n,-1
可,p,1
可哀想,n,-1
可愛さ,p,1
可愛らしさ,p,1
可決,p,1
可能性,p,1
可用性,p,1
可憐,p,1
嘉賞,p,1
夏ばて,n,-1
夏バテ,n,-1
夏風邪,n,-1
嫁いびり,n,-1
家事援助,p,1
家賃,n,-1
家庭,p,1
家庭内暴力,n,-1
寡黙,p,1
科学性,p,1
科研費,p,1
暇,p,1
果たし合い,n,-1
果敢,p,1
果報,p,1
歌手,p,1
歌唱力,p,1
歌心,p,1
火の玉,n,-1
火の粉,n,-1
火急,n,-1
火球,n,-1
火災,n,-1
火災事故,n,-1
火砕流,n,-1
火事,n,-1
火事場泥棒,n,-1
火傷,n,-1
火柱,n,-1
火難,n,-1
火膨れ,n,-1
火力,p,1
禍,n,-1
禍害,n,-1
花園,p,1
花芽,p,1
花盗人,n,-1
花粉症,n,-1
荷担,n,-1
荷抜き,n,-1
荷厄介,n,-1
華,p,1
華やか,p,1
華やかさ,p,1
華美,p,1
華麗,p,1
華麗さ,p,1
課題,n,-1
過ち,n,-1
過去,n,-1
過激,n,-1
過呼吸,n,-1
過誤,n,-1
過失,n,-1
過失致死,n,-1
過小,n,-1
過賞,n,-1
過剰,n,-1
過剰反応,n,-1
過食,n,-1
過食症,n,-1
過信,n,-1
過疎,n,-1
過疎化,n,-1
過怠,n,-1
過大,n,-1
過度,n,-1
過当競争,n,-1
過熱感,n,-1
過敏,n,-1
過敏症,n,-1
過負荷,n,-1
過褒,n,-1
過密,n,-1
過労,n,-1
過労死,n,-1
蚊の鳴くような声,n,-1
我執,n,-1
我侭,n,-1
我慢,n,-1
我儘,n,-1
画質,p,1
画質劣化,n,-1
画力,p,1
芽,p,1
蛾,n,-1
賀,p,1
賀寿,p,1
雅,p,1
雅味,p,1
餓え,n,-1
餓鬼,n,-1
餓死,n,-1
介護サービス,p,1
介護報酬,p,1
介助,p,1
介抱,p,1
会心,p,1
会心の作,p,1
解決,p,1
解決策,p,1
解雇,n,-1
解散,n,-1
解消,p,1
解脱,p,1
解放感,p,1
回り道,n,-1
回天の力,p,1
回復,p,1
回復基調,p,1
回復傾向,p,1
回復力,p,1
壊血病,n,-1
壊死,n,-1
壊滅,n,-1
壊滅的打撃,n,-1
壊乱,n,-1
壊疽,n,-1
快楽,p,1
快活,p,1
快感,p,1
快気祝い,p,1
快事,p,1
快勝,p,1
快晴,p,1
快速,p,1
快打,p,1
快調,p,1
快適,p,1
快適さ,p,1
快適性,p,1
快投,p,1
快報,p,1
快眠,p,1
怪しさ,n,-1
怪我,n,-1
怪我人,n,-1
怪漢,n,-1
怪気炎,n,-1
怪傑,p,1
怪事件,n,-1
怪人,n,-1
怪盗,n,-1
怪物,n,-1
怪文書,n,-1
怪聞,n,-1
怪力,p,1
悔い,n,-1
悔しさ,n,-1
懐かしさ,p,1
戒厳令,n,-1
戒告,n,-1
戒慎,n,-1
戒飭,n,-1
拐帯,n,-1
改ざん,n,-1
改悪,n,-1
改易,n,-1
改心,p,1
改正,p,1
改善,p,1
改良,p,1
改竄,n,-1
晦渋,n,-1
海賊行為,n,-1
海賊版,n,-1
海難,n,-1
海難事故,n,-1
皆勤賞,p,1
絵,p,1
絵空事,n,-1
開運,p,1
開花,p,1
開墾,p,1
開拓者,p,1
開放,p,1
開放感,p,1
開放性,p,1
外れ,n,-1
外観,p,1
外耳炎,n,-1
外傷,n,-1
外敵,n,-1
外道,n,-1
外反母趾,n,-1
外面如菩薩内心如夜叉,n,-1
咳,n,-1
害,n,-1
害悪,n,-1
害虫,n,-1
害毒,n,-1
崖崩れ,n,-1
慨世,n,-1
慨嘆,n,-1
鎧袖一触,p,1
拡充,p,1
拡張性,p,1
格,p,1
格安,p,1
格下げ,n,-1
格好よさ,p,1
格好良さ,p,1
格差,n,-1
格式,p,1
格調,p,1
核戦争,n,-1
核兵器,n,-1
核兵器廃絶,p,1
獲得,p,1
確実さ,p,1
確実性,p,1
確信,p,1
確然,p,1
確保,p,1
覚醒剤,n,-1
隔たり,n,-1
隔意,n,-1
隔離,n,-1
革命児,p,1
学,p,1
学位,p,1
学級崩壊,n,-1
学識,p,1
学習意欲,p,1
学習機会,p,1
学習効果,p,1
学習障害,n,-1
学習能力,p,1
学徳,p,1
学力,p,1
学力低下,n,-1
学歴,p,1
学歴詐称,n,-1
楽,p,1
楽しさ,p,1
楽しみ,p,1
楽園,p,1
楽楽,p,1
楽勝,p,1
顎関節症,n,-1
掛け声倒れ,n,-1
掛け倒れ,n,-1
割安,p,1
割高,n,-1
割高感,n,-1
活,p,1
活気,p,1
活況,p,1
活字離れ,n,-1
活性,p,1
活性化,p,1
活動,p,1
活動資金,p,1
活動力,p,1
活発,p,1
活発化,p,1
活躍,p,1
活力,p,1
渇,n,-1
渇き,n,-1
渇仰,p,1
渇水,n,-1
滑らか,p,1
滑らかさ,p,1
滑稽,n,-1
滑降,n,-1
滑落,n,-1
葛藤,n,-1
株,p,1
株数,p,1
瓦礫,n,-1
乾き目,n,-1
乾燥肌,n,-1
乾杯,p,1
乾癬,n,-1
冠水,n,-1
寒さ,n,-1
寒気,n,-1
寒心,n,-1
寒村,n,-1
勘,p,1
勘ぐり,n,-1
勘違い,n,-1
勘気,n,-1
勘当,n,-1
勧善,p,1
巻き添え,n,-1
巻き返し,p,1
堪忍,n,-1
堪能,p,1
姦淫,n,-1
完ぺき,p,1
完治,p,1
完勝,p,1
完成,p,1
完成度,p,1
完全,p,1
完全失業率,n,-1
完全性,p,1
完全無欠,p,1
完走,p,1
完投,p,1
完敗,n,-1
完封,p,1
完封負け,n,-1
完璧,p,1
官能,p,1
官僚主義,n,-1
寛厚,p,1
寛容,p,1
寛容さ,p,1
干ばつ,n,-1
干ぼし,n,-1
干犯,n,-1
患い,n,-1
患者,n,-1
患部,n,-1
感悦,p,1
感慨,p,1
感慨無量,p,1
感激,p,1
感謝,p,1
感謝状,p,1
感受性,p,1
感傷,n,-1
感心,p,1
感性,p,1
感染,n,-1
感染ルート,n,-1
感染経路,n,-1
感染者,n,-1
感染症,n,-1
感嘆,p,1
感電,n,-1
感度,p,1
感動,p,1
感服,p,1
感冒,n,-1
感銘,p,1
感銘・肝銘,p,1
感涙,p,1
敢闘,p,1
歓び,p,1
歓喜,p,1
歓迎,p,1
歓心,p,1
歓声,p,1
汗だく,n,-1
環境悪化,n,-1
環境汚染,n,-1
環境破壊,n,-1
甘え,p,1
甘えん坊,n,-1
監禁,n,-1
監獄,n,-1
監督責任,n,-1
看板倒れ,n,-1
管見,n,-1
簡易,p,1
簡潔,p,1
簡捷,p,1
簡素,p,1
簡単,p,1
簡便,p,1
簡明,p,1
緩衝,p,1
緩慢,n,-1
肝がん,n,-1
肝炎,n,-1
肝癌,n,-1
肝機能障害,n,-1
肝硬変,n,-1
肝細胞癌,n,-1
肝臓がん,n,-1
肝臓ガン,n,-1
肝臓癌,n,-1
肝臓障害,n,-1
肝臓病,n,-1
肝不全,n,-1
肝銘,p,1
艦砲射撃,n,-1
観客動員数,p,1
観光,p,1
観光客,p,1
観察眼,p,1
観察力,p,1
観衆,p,1
間違い,n,-1
間違い・間違え,n,-1
間違え,n,-1
間隙,n,-1
間質性肺炎,n,-1
間抜け,n,-1
関心,p,1
関税,n,-1
関節炎,n,-1
関節痛,n,-1
関東大震災,n,-1
陥没,n,-1
陥落,n,-1
丸見え,n,-1
丸出し,n,-1
丸損,n,-1
含み笑い,n,-1
含み声,n,-1
含み損,n,-1
含むところ,n,-1
含羞,n,-1
癌,n,-1
癌細胞,n,-1
眼疾,n,-1
眼精疲労,n,-1
眼病,n,-1
頑健,p,1
頑固,n,-1
頑丈,p,1
頑張り,p,1
願い事,p,1
願ったり叶ったり,p,1
願望,p,1
企画力,p,1
企業イメージ,p,1
危うさ,n,-1
危なげ,n,-1
危害,n,-1
危機,n,-1
危機感,n,-1
危急,n,-1
危険,n,-1
危険箇所,n,-1
危険性,n,-1
危地,n,-1
危篤,n,-1
危篤状態,n,-1
危難,n,-1
危殆,n,-1
喜び,p,1
喜悦,p,1
喜捨,p,1
喜色,p,1
器用,p,1
器用さ,p,1
器用貧乏,n,-1
器量よし,p,1
器量人,p,1
基礎,p,1
基礎学力,p,1
基礎基本,p,1
基礎体力,p,1
基礎代謝,p,1
基礎知識,p,1
基盤,p,1
基本機能,p,1
奇,n,-1
奇異,n,-1
奇禍,n,-1
奇怪,n,-1
奇観,n,-1
奇形,n,-1
奇効,n,-1
奇襲,n,-1
奇人,n,-1
奇声,n,-1
奇跡,p,1
奇跡・奇蹟,p,1
奇蹟,p,1
奇特,n,-1
奇病,n,-1
奇妙,n,-1
奇問,n,-1
奇麗,p,1
嬉しさ,p,1
嬉し涙,p,1
寄附,p,1
希少,p,1
希少価値,p,1
希代,p,1
希望,p,1
忌避,n,-1
忌諱,n,-1
既成概念,n,-1
既成事実,n,-1
既得権益,p,1
期待,p,1
期待外れ,n,-1
期待感,p,1
機会,p,1
機会損失,n,-1
機動性,p,1
機動的,p,1
機動力,p,1
機能,p,1
機能強化,p,1
機能障害,n,-1
機能性,p,1
機能低下,n,-1
機能美,p,1
機能不全,n,-1
機敏,p,1
帰らぬ旅,n,-1
気さく,p,1
気の毒,n,-1
気ふさぎ,n,-1
気ぶっせい,n,-1
気まずさ,n,-1
気炎,p,1
気概,p,1
気楽,p,1
気掛かり,n,-1
気管支炎,n,-1
気管支喘息,n,-1
気詰まり,n,-1
気胸,n,-1
気苦労,n,-1
気軽,p,1
気遣わしさ,n,-1
気後れ,n,-1
気構え,p,1
気合,p,1
気合い,p,1
気合い負け,n,-1
気骨,p,1
気持ち,p,1
気持ちよさ,p,1
気持ち悪さ,n,-1
気持ち良さ,p,1
気重,n,-1
気丈,p,1
気随,n,-1
気随気まま,n,-1
気勢,p,1
気絶,n,-1
気息奄奄,n,-1
気任せ,n,-1
気迫,p,1
気疲れ,n,-1
気品,p,1
気風,p,1
気分一新,p,1
気分転換,p,1
気泡,n,-1
気密性,p,1
気落ち,n,-1
気力,p,1
気鬱,n,-1
季節感,p,1
紀律,p,1
規模,p,1
規律,p,1
記憶障害,n,-1
記憶喪失,n,-1
記憶容量,p,1
記憶力,p,1
記入ミス,n,-1
記念品,p,1
記録,p,1
貴意,p,1
貴重,p,1
起源,p,1
起死回生,p,1
輝き,p,1
飢え,n,-1
飢餓,n,-1
飢餓感,n,-1
飢渇,n,-1
飢饉,n,-1
鬼に金棒,p,1
鬼ばば,n,-1
鬼気,n,-1
鬼才,p,1
鬼女,n,-1
鬼畜,n,-1
亀レス,n,-1
亀裂,n,-1
偽り,n,-1
偽言,n,-1
偽者,n,-1
偽証,n,-1
偽善,n,-1
偽装,n,-1
偽造,n,-1
偽物,n,-1
戯言,n,-1
技,p,1
技あり,p,1
技巧,p,1
技術,p,1
技術向上,p,1
技術者,p,1
技術力,p,1
技能,p,1
技量,p,1
欺瞞,n,-1
犠牲,n,-1
犠牲者,n,-1
疑い,n,-1
疑義,n,-1
疑心,n,-1
疑心暗鬼,n,-1
疑点,n,-1
疑念,n,-1
疑問視,n,-1
疑惑,n,-1
義援,p,1
義賊,p,1
義勇,p,1
義理人情,p,1
議員辞職,n,-1
吉,p,1
吉凶,n,-1
吉事,p,1
吉祥,p,1
吉相,p,1
吉兆,p,1
吉日,p,1
吉報,p,1
吃音,n,-1
喫煙,n,-1
喫煙者,n,-1
喫緊,n,-1
詰まり,n,-1
詰み,n,-1
却下,n,-1
脚気,n,-1
脚線美,p,1
脚力,p,1
虐殺,n,-1
虐待,n,-1
逆境,n,-1
逆光,n,-1
逆効果,n,-1
逆恨み,n,-1
逆子,n,-1
逆心,n,-1
逆転勝利,p,1
逆転負け,n,-1
逆風,n,-1
仇敵,n,-1
休学,n,-1
休刊,n,-1
休憩,p,1
休電,n,-1
休日出勤,n,-1
吸い殻,n,-1
吸血鬼,n,-1
吸収性,p,1
宮刑,n,-1
急,n,-1
急ぎ,n,-1
急患,n,-1
急死,n,-1
急場しのぎ,n,-1
急性アルコール中毒,n,-1
急性肝炎,n,-1
急性期,n,-1
急性心筋梗塞,n,-1
急性心不全,n,-1
急逝,n,-1
急難,n,-1
急迫,n,-1
急病,n,-1
急変,n,-1
急落,n,-1
救い,p,1
救急,n,-1
救済措置,p,1
救出,p,1
救助,p,1
朽廃,n,-1
求刑,n,-1
求心力,p,1
泣きどころ,n,-1
泣き言,n,-1
泣き声,n,-1
球威,p,1
球速,p,1
窮まり,n,-1
窮屈,n,-1
窮屈さ,n,-1
窮状,n,-1
窮地,n,-1
窮迫,n,-1
窮乏,n,-1
旧怨,n,-1
旧恩,p,1
旧聞,n,-1
居住性,p,1
居直り強盗,n,-1
居眠り,n,-1
巨匠,p,1
拒食,n,-1
拒食症,n,-1
拒絶反応,n,-1
拒否,n,-1
拒否反応,n,-1
拠り所,p,1
虚しさ,n,-1
虚偽,n,-1
虚血性心疾患,n,-1
虚言,n,-1
虚言癖,n,-1
虚構,n,-1
虚弱,n,-1
虚弱体質,n,-1
虚心,n,-1
虚勢,n,-1
虚像,n,-1
虚脱感,n,-1
虚報,n,-1
虚無感,n,-1
虚名,n,-1
虚妄,n,-1
許容,p,1
漁獲量,p,1
漁況,p,1
漁業被害,n,-1
享受,p,1
供給不足,n,-1
競争力,p,1
共感,p,1
共存共栄,p,1
共通認識,p,1
共通理解,p,1
共倒れ,n,-1
共犯,n,-1
共謀,n,-1
凶,n,-1
凶悪,n,-1
凶悪事件,n,-1
凶悪犯罪,n,-1
凶器,n,-1
凶荒,n,-1
凶行,n,-1
凶作,n,-1
凶事,n,-1
凶賊,n,-1
凶弾,n,-1
凶変,n,-1
凶報,n,-1
協調性,p,1
協力,p,1
協力者,p,1
強がり,n,-1
強さ,p,1
強み,p,1
強圧,n,-1
強引,n,-1
強引さ,n,-1
強運,p,1
強姦,n,-1
強健,p,1
強固,p,1
強行軍,n,-1
強剛,p,1
強豪,p,1
強豪・強剛,p,1
強者,p,1
強襲,n,-1
強情,n,-1
強制,n,-1
強制使用,n,-1
強制終了,n,-1
強制送還,n,-1
強制労働,n,-1
強壮,p,1
強打,n,-1
強大,p,1
強奪,n,-1
強敵,n,-1
強度,p,1
強盗,n,-1
強盗事件,n,-1
強風,n,-1
強力,p,1
強力犯,n,-1
強靱,p,1
恐さ,n,-1
恐れ,n,-1
恐れなし,p,1
恐ろしさ,n,-1
恐喝,n,-1
恐慌,n,-1
恐怖,n,-1
恐怖感,n,-1
恐怖症,n,-1
恐怖心,n,-1
恐怖政治,n,-1
恐竜,n,-1
恐惶,n,-1
恭賀,p,1
恭敬,p,1
恭順,p,1
教育改革,p,1
教養,p,1
狂喜,p,1
狂気,n,-1
狂牛病,n,-1
狂犬,n,-1
狂犬病,n,-1
狂言,n,-1
狂信,n,-1
狭さ,n,-1
狭間,n,-1
狭窄,n,-1
狭心症,n,-1
胸のつかえ,n,-1
胸焼け,n,-1
胸騒ぎ,n,-1
脅迫,n,-1
脅迫電話,n,-1
興国,p,1
興味,p,1
興味関心,p,1
興隆,p,1
郷愁,p,1
郷土愛,p,1
驚き,p,1
驚喜,p,1
驚怖,n,-1
凝滞,n,-1
業,n,-1
業苦,n,-1
業績,p,1
業病,n,-1
曲線美,p,1
極悪,n,-1
極意,p,1
極楽往生,p,1
極寒,n,-1
極刑,n,-1
極上,p,1
極端,n,-1
極論,n,-1
玉にきず,n,-1
玉の緒,p,1
玉砕,n,-1
玉石,p,1
僅か,n,-1
勤勉,p,1
勤労意欲,p,1
欣快,p,1
欣喜,p,1
欣喜雀躍,p,1
欣幸,p,1
禁煙,p,1
禁忌,n,-1
禁固,n,-1
禁固刑,n,-1
禁制,n,-1
禁断症状,n,-1
禁物,n,-1
筋腫,n,-1
筋肉,p,1
筋肉痛,n,-1
筋肉疲労,n,-1
筋力,p,1
緊急,n,-1
緊急事態,n,-1
緊急性,n,-1
緊張,n,-1
緊迫,n,-1
緊迫感,p,1
緊縛,n,-1
菌,n,-1
謹賀,p,1
謹慎,n,-1
謹慎処分,n,-1
近視,n,-1
近所迷惑,n,-1
近代化,p,1
金,p,1
金の卵,p,1
金メダル,p,1
金一封,p,1
金運,p,1
金回り,p,1
金額,n,-1
金詰まり,n,-1
金銀,p,1
金欠,n,-1
金庫破り,n,-1
金剛力,p,1
金食い虫,n,-1
金切り声,n,-1
金銭力,p,1
金属アレルギー,n,-1
金融危機,n,-1
金融不安,n,-1
金甌無欠,p,1
銀行強盗,n,-1
苦,n,-1
苦さ,n,-1
苦しさ,n,-1
苦しみ,n,-1
苦み,n,-1
苦境,n,-1
苦行,n,-1
苦手,n,-1
苦汁,n,-1
苦渋,n,-1
苦笑,n,-1
苦笑い,n,-1
苦情,n,-1
苦節,n,-1
苦戦,n,-1
苦虫,n,-1
苦衷,n,-1
苦痛,n,-1
苦闘,n,-1
苦難,n,-1
苦悩,n,-1
苦杯,n,-1
苦味,n,-1
苦悶,n,-1
苦役,n,-1
苦労,n,-1
駆動力,p,1
具体性,p,1
愚,n,-1
愚かさ,n,-1
愚挙,n,-1
愚見,n,-1
愚行,n,-1
愚作,n,-1
愚痴,n,-1
愚問,n,-1
虞,n,-1
虞犯,n,-1
空き,p,1
空き巣,n,-1
空き巣ねらい,n,-1
空しさ,n,-1
空っけつ,n,-1
空下手,n,-1
空間,p,1
空虚,n,-1
空隙,n,-1
空言,n,-1
空襲,n,-1
空笑い,n,-1
空振り,n,-1
空想,p,1
空中楼閣,n,-1
空転,n,-1
空洞化,n,-1
空念仏,n,-1
空売り,n,-1
空費,n,-1
空腹,n,-1
空腹感,n,-1
空名,n,-1
屑,n,-1
屈強,p,1
屈指,p,1
屈辱,n,-1
屈辱感,n,-1
屈託,n,-1
掘り出し物,p,1
勲章,p,1
君恩,p,1
薫り,p,1
群盗,n,-1
軍事攻撃,n,-1
軍事力,p,1
軍神,p,1
軍費,n,-1
係争,n,-1
傾国,n,-1
刑,n,-1
刑事事件,n,-1
刑事罰,n,-1
刑罰,n,-1
刑務,n,-1
刑務所,n,-1
珪肺,n,-1
型破り,n,-1
形式,n,-1
形式美,p,1
形質,p,1
形成,p,1
恵み,p,1
慶賀,p,1
慶事,p,1
慶祝,p,1
携帯性,p,1
敬意,p,1
敬仰,p,1
敬神,p,1
景観,p,1
景気,p,1
景気回復,p,1
景気後退,n,-1
景気対策,p,1
景仰,p,1
景勝,p,1
景色,p,1
景品,p,1
経営危機,n,-1
経営難,n,-1
経営能力,p,1
経営破綻,n,-1
経験不足,n,-1
経済活性化,p,1
経済活力,p,1
経済危機,n,-1
経済効果,p,1
経済効率,p,1
経済合理性,p,1
経済制裁,n,-1
経済性,p,1
経済成長,p,1
経済政策,p,1
経済的損失,n,-1
経済的利益,p,1
経済発展,p,1
経済不況,n,-1
経済封鎖,n,-1
経済力,p,1
経費,n,-1
継続性,p,1
継続的改善,p,1
繋がり,p,1
荊棘,n,-1
計算力,p,1
警戒,n,-1
警戒心,n,-1
警告音,n,-1
警鐘,n,-1
警笛,n,-1
軽さ,p,1
軽め,p,1
軽やか,p,1
軽易,p,1
軽快,p,1
軽快さ,p,1
軽軽,p,1
軽減,p,1
軽傷,n,-1
軽症,n,-1
軽信,n,-1
軽度,p,1
軽薄,n,-1
軽犯罪,n,-1
軽便,p,1
軽妙,p,1
軽率,n,-1
軽量,p,1
軽労働,p,1
芸域,p,1
芸術,p,1
芸術性,p,1
芸達者,p,1
芸能,p,1
劇痛,n,-1
撃墜,n,-1
激安,p,1
激情,p,1
激震,n,-1
激甚,p,1
激痛,n,-1
激痛・劇痛,n,-1
激怒,n,-1
激闘,p,1
激動,n,-1
激務,n,-1
激励,p,1
隙,n,-1
隙間風,n,-1
傑作,p,1
傑人,p,1
傑物,p,1
欠,n,-1
欠課,n,-1
欠格,n,-1
欠陥,n,-1
欠航,n,-1
欠講,n,-1
欠場,n,-1
欠席,n,-1
欠損,n,-1
欠点,n,-1
欠如,n,-1
欠品,n,-1
欠乏,n,-1
欠落,n,-1
欠礼,n,-1
決まり手,p,1
決め手,p,1
決勝ゴール,p,1
決勝点,p,1
決断力,p,1
決定力,p,1
決定力不足,n,-1
決闘,n,-1
潔さ,p,1
潔白,p,1
結果オーライ,p,1
結核,n,-1
結核患者,n,-1
結核菌,n,-1
結構,p,1
結構ずくめ,p,1
結婚,p,1
結婚披露宴,p,1
結石,n,-1
結膜炎,n,-1
血しぶき,n,-1
血だらけ,n,-1
血の道,n,-1
血まみれ,n,-1
血気盛ん,p,1
血行,p,1
血行障害,n,-1
血行不良,n,-1
血祭り,n,-1
血栓,n,-1
血栓症,n,-1
血糖,n,-1
血糖値,n,-1
血反吐,n,-1
血目,n,-1
血友病,n,-1
血痰,n,-1
月経痛,n,-1
月曜病,n,-1
倦怠,n,-1
倦怠感,n,-1
健やか,p,1
健康,p,1
健康障害,n,-1
健康長寿,p,1
健康被害,n,-1
健康美,p,1
健康問題,n,-1
健在,p,1
健在ぶり,p,1
健勝,p,1
健全,p,1
健全育成,p,1
健全化,p,1
健全性,p,1
健闘,p,1
健筆,p,1
健忘症,n,-1
剣戟,n,-1
剣豪,p,1
喧嘩,n,-1
喧騒・喧噪,n,-1
喧噪,n,-1
堅固,p,1
堅実,p,1
堅調,p,1
堅牢,p,1
堅牢性,p,1
嫌,n,-1
嫌い,n,-1
嫌がらせ,n,-1
嫌悪,n,-1
嫌悪感,n,-1
嫌煙,n,-1
嫌忌,n,-1
嫌気,n,-1
嫌疑,n,-1
嫌味,n,-1
懸賞,p,1
懸濁,n,-1
懸念,n,-1
検挙,n,-1
権威,p,1
権益,p,1
権限,p,1
権勢,p,1
権利,p,1
権利侵害,n,-1
権力,p,1
権力争い,n,-1
権力闘争,n,-1
牽制,n,-1
研究成果,p,1
研究能力,p,1
研究費,p,1
肩こり,n,-1
肩凝り,n,-1
肩透かし,n,-1
見え見え,n,-1
見せしめ,n,-1
見どころ,p,1
見やすさ,p,1
見易さ,p,1
見応え,p,1
見掛け倒し,n,-1
見巧者,p,1
見事,p,1
見識,p,1
見所,p,1
見当違い,n,-1
見物,p,1
見返り,p,1
見劣り,n,-1
謙虚,p,1
謙虚さ,p,1
賢さ,p,1
賢者,p,1
賢俊,p,1
賢女,p,1
賢人,p,1
賢哲,p,1
賢明,p,1
険,n,-1
険しさ,n,-1
験,p,1
元気,p,1
元気さ,p,1
原因,n,-1
原罪,n,-1
原爆症,n,-1
原爆投下,n,-1
厳しさ,n,-1
厳格,n,-1
厳寒,n,-1
厳禁,n,-1
厳刑,n,-1
厳罰,n,-1
厳密さ,p,1
幻影,n,-1
幻覚,n,-1
幻聴,n,-1
幻滅,n,-1
減価,n,-1
減収,n,-1
減衰,n,-1
減退,n,-1
減点,n,-1
源泉,p,1
玄人,p,1
現金,p,1
現金収入,p,1
現行犯,n,-1
現実感,p,1
現実感覚,p,1
現実性,p,1
現実味,p,1
現世利益,p,1
現代病,n,-1
言いなり,n,-1
言い過ぎ,n,-1
言い争い,n,-1
言い分,p,1
言い訳,n,-1
言い立て,n,-1
言うもおろか,p,1
言わずもがな,p,1
言語感覚,p,1
言語障害,n,-1
言語能力,p,1
言動,n,-1
言葉足らず,n,-1
限り,n,-1
限界,n,-1
限度,n,-1
個性,p,1
古つわもの,p,1
古豪,p,1
古臭さ,n,-1
古拙,n,-1
呼吸器疾患,n,-1
呼吸器病,n,-1
呼吸停止,n,-1
呼吸不全,n,-1
固持,n,-1
固執,n,-1
固定観念,n,-1
孤軍奮闘,n,-1
孤独,n,-1
孤独感,n,-1
孤立,n,-1
孤立化,n,-1
孤立感,n,-1
戸惑い,n,-1
故障,n,-1
故人,n,-1
枯死,n,-1
狐,n,-1
狐疑,n,-1
糊塗,n,-1
胡散臭さ,n,-1
虎口の難,n,-1
誇り,p,1
誇大妄想,n,-1
誇張,n,-1
雇用創出,p,1
雇用不安,n,-1
顧客,p,1
顧客満足,p,1
五月病,n,-1
五穀豊穣,p,1
互換性,p,1
娯楽,p,1
娯楽性,p,1
後れ,n,-1
後ろめたさ,n,-1
後ろ盾,p,1
後遺症,n,-1
後援,p,1
後押し,p,1
後回し,n,-1
後悔,n,-1
後継者不足,n,-1
後顧,n,-1
後顧の憂い,n,-1
後手,n,-1
後退,n,-1
後知恵,n,-1
後難,n,-1
後腐れ,n,-1
御の字,p,1
御機嫌,p,1
御言葉,p,1
御支援,p,1
御神火,p,1
御難,n,-1
御免,n,-1
御利益,p,1
悟り,p,1
悟性,p,1
語学力,p,1
語弊,n,-1
語彙力,p,1
誤り,n,-1
誤解,n,-1
誤記,n,-1
誤差,n,-1
誤算,n,-1
誤字,n,-1
誤字脱字,n,-1
誤植,n,-1
誤信,n,-1
誤審,n,-1
誤断,n,-1
誤認,n,-1
誤爆,n,-1
誤謬,n,-1
誤報,n,-1
誤訳,n,-1
誤用,n,-1
護摩の灰,n,-1
乞食,n,-1
交じらい,p,1
交わり,p,1
交誼,p,1
交通安全,p,1
交通混雑,n,-1
交通死亡事故,n,-1
交通事故,n,-1
交通渋滞,n,-1
交通戦争,n,-1
交通麻痺,n,-1
交友,p,1
交遊,p,1
交流,p,1
光,p,1
光栄,p,1
光化学スモッグ,n,-1
光害,n,-1
光沢,p,1
光熱費,n,-1
光明,p,1
光量,p,1
公益,p,1
公益性,p,1
公害,n,-1
公害問題,n,-1
公共心,p,1
公共性,p,1
公衆衛生,p,1
公傷,n,-1
公正,p,1
公正さ,p,1
公徳,p,1
公平,p,1
公平さ,p,1
公平性,p,1
公明,p,1
公明正大,p,1
功,p,1
功績,p,1
功徳,p,1
効き目,p,1
効果,p,1
効果的,p,1
効験,p,1
効能,p,1
効用,p,1
効率,p,1
効率性,p,1
効力,p,1
厚意,p,1
厚誼,p,1
厚志,p,1
厚情,p,1
厚生,p,1
厚生年金,p,1
口げんか,n,-1
口喧嘩,n,-1
口呼吸,n,-1
口臭,n,-1
口蹄疫,n,-1
口内炎,n,-1
口腹,p,1
口癖,n,-1
口論,n,-1
向こう意気,n,-1
向上,p,1
向上心,p,1
向心力,p,1
垢,n,-1
好き,p,1
好き嫌い,n,-1
好き勝手,n,-1
好き放題,n,-1
好み,p,1
好意,p,1
好印象,p,1
好運,p,1
好学,p,1
好感,p,1
好感度,p,1
好奇,p,1
好奇心,p,1
好機,p,1
好誼,p,1
好況,p,1
好景気,p,1
好結果,p,1
好個,p,1
好事,p,1
好人物,p,1
好成績,p,1
好打,p,1
好男子,p,1
好調,p,1
好調さ,p,1
好敵手,p,1
好転,p,1
好都合,p,1
好投,p,1
好評,p,1
好捕,p,1
好味,p,1
孝行,p,1
孝養,p,1
工賃,p,1
巧み,p,1
巧者,p,1
巧打,p,1
巧妙,p,1
幸,p,1
幸い,p,1
幸せ,p,1
幸せ・仕合わせ,p,1
幸せ感,p,1
幸運,p,1
幸運・好運,p,1
幸甚,p,1
幸福,p,1
幸福感,p,1
広がり,p,1
広さ,p,1
広め,p,1
慌ただしさ,n,-1
抗議,n,-1
抗戦,n,-1
抗争,n,-1
抗張力,p,1
拘束,n,-1
拘泥,n,-1
拘留,n,-1
控え目,p,1
控訴,n,-1
攻め,p,1
攻撃力,p,1
攻勢,n,-1
更新意欲,p,1
更生,p,1
更迭,n,-1
更年期,n,-1
更年期障害,n,-1
構成力,p,1
構想力,p,1
洪恩,p,1
洪水,n,-1
皇帝,p,1
硬直,n,-1
硬派,p,1
稿,n,-1
考え違い,n,-1
航空機事故,n,-1
荒々しさ,n,-1
荒さ,n,-1
荒れ野,n,-1
荒仕事,n,-1
荒唐無稽,n,-1
荒波,n,-1
荒廃,n,-1
荒蕪,n,-1
行き過ぎ,n,-1
行き詰まり,n,-1
行き悩み,n,-1
行刑,n,-1
行動力,p,1
行方不明者,n,-1
行旅病者,n,-1
行路病者,n,-1
講師,p,1
貢献,p,1
購入意欲,p,1
購買意欲,p,1
購買力,p,1
酵素,p,1
降灰,n,-1
降格,n,-1
降板,n,-1
香り,p,1
高恩,p,1
高恩・洪恩,p,1
高音質,p,1
高価,p,1
高可用性,p,1
高画質,p,1
高機能,p,1
高誼,p,1
高級,p,1
高級感,p,1
高給,p,1
高血圧,n,-1
高血圧症,n,-1
高効率化,p,1
高校生活,p,1
高山病,n,-1
高脂血症,n,-1
高信号,p,1
高性能,p,1
高精度,p,1
高僧,p,1
高速,p,1
高速性,p,1
高点,p,1
高度,p,1
高度医療,p,1
高等,p,1
高騰,n,-1
高得点,p,1
高徳,p,1
高熱,n,-1
高庇,p,1
高評,p,1
高品質,p,1
高率,p,1
剛,p,1
剛の者,p,1
剛球,p,1
剛球・豪球,p,1
剛強,p,1
剛性,p,1
剛直,p,1
合格,p,1
合格者,p,1
合格者数,p,1
合併症,n,-1
合理,p,1
合理性,p,1
合理的,p,1
拷問,n,-1
豪華,p,1
豪華さ,p,1
豪華キャスト,p,1
豪華賞品,p,1
豪快,p,1
豪球,p,1
豪傑,p,1
豪速球,p,1
克己,n,-1
克服,p,1
告発,n,-1
国運,p,1
国益,p,1
国家主権,n,-1
国外追放,n,-1
国禁,n,-1
国交,p,1
国際競争力,p,1
国際交流,p,1
国際人,p,1
国際性,p,1
国際的視野,p,1
国事犯,n,-1
国難,n,-1
国力,p,1
酷寒,n,-1
酷刑,n,-1
酷使,n,-1
酷暑,n,-1
酷評,n,-1
黒ずみ,n,-1
黒煙,n,-1
黒字,p,1
黒星,n,-1
黒内障,n,-1
黒変,n,-1
黒幕,n,-1
獄,n,-1
獄中,n,-1
腰痛,n,-1
骨,n,-1
骨惜しみ,n,-1
骨折,n,-1
骨粗鬆症,n,-1
骨董,p,1
骨肉の争い,n,-1
困却,n,-1
困窮,n,-1
困苦,n,-1
困難,n,-1
困難さ,n,-1
困難性,n,-1
困惑,n,-1
困憊,n,-1
婚約,p,1
恨,n,-1
恨み,n,-1
恨みっこ,n,-1
恨みつらみ,n,-1
恨めしさ,n,-1
恨事,n,-1
懇意,p,1
懇願,n,-1
懇志,p,1
懇情,p,1
懇親,p,1
昏倒,n,-1
根なし,n,-1
根気,p,1
根拠,p,1
根強さ,p,1
根性,p,1
根腐れ,n,-1
根本原因,n,-1
混じり,p,1
混じり気,n,-1
混雑,n,-1
混信,n,-1
混戦,n,-1
混濁,n,-1
混沌,n,-1
混入,n,-1
混乱,n,-1
魂,p,1
些事,n,-1
左うちわ,p,1
左利き,n,-1
差,n,-1
差し込み,n,-1
差し支え,n,-1
差し障り,n,-1
差し戻し,n,-1
差押,n,-1
差別,n,-1
差別意識,n,-1
砂金,p,1
詐欺,n,-1
鎖国,n,-1
坐骨神経痛,n,-1
座礁,n,-1
挫折,n,-1
挫折感,n,-1
債券,n,-1
債権,n,-1
債権放棄,n,-1
債務,n,-1
債務超過,n,-1
再起,p,1
再興,p,1
再現性,p,1
再生,p,1
再生能力,p,1
再生不良性貧血,n,-1
再選,p,1
再燃,p,1
再発,n,-1
再発率,n,-1
再犯,n,-1
最愛,p,1
最悪,n,-1
最期,n,-1
最強,p,1
最高,p,1
最高記録,p,1
最高得点,p,1
最小限,n,-1
最新,p,1
最盛,p,1
最善,p,1
最大限,p,1
最低,n,-1
最適,p,1
最適化,p,1
最良,p,1
彩り,p,1
才,p,1
才気,p,1
才子,p,1
才俊,p,1
才女,p,1
才色兼備,p,1
才人,p,1
才知,p,1
才能,p,1
才媛,p,1
才物,p,1
才力,p,1
採用,p,1
採用数,p,1
採用枠,p,1
済度,p,1
災,n,-1
災い,n,-1
災禍,n,-1
災害,n,-1
災難,n,-1
災厄,n,-1
祭日,p,1
細やか,p,1
細菌,n,-1
細菌感染,n,-1
細事,n,-1
細身,p,1
在庫切れ,n,-1
在宅医療,p,1
罪,n,-1
罪悪,n,-1
罪悪感,n,-1
罪科,n,-1
罪過,n,-1
罪業,n,-1
罪障,n,-1
罪状,n,-1
罪深さ,n,-1
財源,p,1
財産刑,n,-1
財政危機,n,-1
財政再建,p,1
財政支援,p,1
財政赤字,n,-1
財政措置,p,1
財政難,n,-1
財政力,p,1
財宝,p,1
財力,p,1
冴え,p,1
阪神淡路大震災,n,-1
作り,p,1
作り事,n,-1
作り笑い,n,-1
作り声,n,-1
作り話,n,-1
作為,n,-1
作業効率,p,1
搾取,n,-1
錯誤,n,-1
擦り傷,n,-1
擦過傷,n,-1
殺し,n,-1
殺意,n,-1
殺害,n,-1
殺気,n,-1
殺菌,p,1
殺人,n,-1
殺人鬼,n,-1
殺人罪,n,-1
殺人事件,n,-1
殺人未遂,n,-1
殺人容疑,n,-1
殺生,n,-1
殺風景,n,-1
殺戮,n,-1
雑音,n,-1
雑菌,n,-1
雑言,n,-1
雑事,n,-1
雑念,n,-1
雑報,n,-1
雑務,n,-1
雑役,n,-1
雑用,n,-1
錆,n,-1
三すくみ,n,-1
三悪道,n,-1
三景,p,1
三国一,p,1
三振,n,-1
三嘆,p,1
三哲,p,1
三流,n,-1
参加者,p,1
参会,p,1
山火事,n,-1
山気,n,-1
山紫水明,p,1
山賊,n,-1
惨め,n,-1
惨禍,n,-1
惨害,n,-1
惨苦,n,-1
惨劇,n,-1
惨事,n,-1
惨状,n,-1
惨敗,n,-1
惨落,n,-1
散逸,n,-1
散財,n,-1
散策,p,1
散散,n,-1
散歩,p,1
散漫,n,-1
散乱,n,-1
産みの苦しみ,n,-1
産業,p,1
産業廃棄物,n,-1
賛意,p,1
賛仰,p,1
賛辞,p,1
賛助,p,1
賛嘆,p,1
賛同,p,1
賛美,p,1
酸,n,-1
酸欠,n,-1
酸欠状態,n,-1
酸性雨,n,-1
酸素不足,n,-1
斬撃,n,-1
斬新さ,p,1
残虐,n,-1
残虐行為,n,-1
残業,n,-1
残酷,n,-1
残酷さ,n,-1
残暑,n,-1
残暑見舞い,p,1
残敵,n,-1
残党,n,-1
残念,n,-1
仕合わせ,p,1
仕打ち,n,-1
仕置き,n,-1
仕返し,n,-1
使いすぎ,n,-1
使い勝手,p,1
使役,n,-1
使用感,n,-1
使用制限,n,-1
使用頻度,p,1
使用料,n,-1
使用量,p,1
刺客,n,-1
刺傷,n,-1
史実,p,1
四恩,p,1
四季折々,p,1
四苦八苦,n,-1
四聖,p,1
士気,p,1
始まり,p,1
始末,n,-1
始末書,n,-1
子育て支援,p,1
子宮筋腫,n,-1
子宮内膜症,n,-1
子供っぽさ,n,-1
子供らしさ,p,1
子守歌,p,1
子種,p,1
子孫繁栄,p,1
屍,n,-1
市街戦,n,-1
市場シェア,p,1
師恩,p,1
師匠,p,1
志,p,1
志なかば,n,-1
志気,p,1
志操,p,1
思いやり,p,1
思い違い,n,-1
思い過ごし,n,-1
思い込み,n,-1
思い出,p,1
思い切り,p,1
思案投げ首,n,-1
思考能力,p,1
思考力,p,1
指しゃぶり,n,-1
指針,p,1
指摘,n,-1
指導者,p,1
指導力,p,1
支え,p,1
支援,p,1
支援体制,p,1
支給,p,1
支持,p,1
支出,n,-1
支障,n,-1
支配,n,-1
支配権,p,1
支配力,p,1
支離滅裂,n,-1
旨さ,p,1
旨み,p,1
旨味,p,1
枝毛,n,-1
枝葉末節,n,-1
死,n,-1
死に場所,n,-1
死に神,n,-1
死に体,n,-1
死骸,n,-1
死角,n,-1
死期,n,-1
死球,n,-1
死去,n,-1
死刑,n,-1
死刑判決,n,-1
死語,n,-1
死罪,n,-1
死産,n,-1
死者,n,-1
死出の旅,n,-1
死傷者,n,-1
死人,n,-1
死線,n,-1
死相,n,-1
死体,n,-1
死地,n,-1
死闘,n,-1
死病,n,-1
死亡,n,-1
死亡者,n,-1
死没,n,-1
死魔,n,-1
死滅,n,-1
死霊,n,-1
獅子奮迅,p,1
私怨,n,-1
私曲,n,-1
私恨,n,-1
私傷,n,-1
私情,n,-1
私徳,p,1
紙詰まり,n,-1
紫班病,n,-1
脂肪,n,-1
脂肪肝,n,-1
至れり尽くせり,p,1
至極,p,1
至芸,p,1
至上,p,1
至情,p,1
至難の業,n,-1
至福,p,1
至妙,p,1
視覚障害,n,-1
視線,n,-1
視野,p,1
視野狭窄,n,-1
視力,p,1
視力障害,n,-1
視力低下,n,-1
詩興,p,1
詩情,p,1
試験,n,-1
資金,p,1
資金援助,p,1
資金繰り,n,-1
資金需要,p,1
資金難,n,-1
資金不足,n,-1
資源,p,1
資産,p,1
資質,p,1
資本,p,1
資本力,p,1
資力,p,1
雌伏,n,-1
歯がゆさ,n,-1
歯ぎしり,n,-1
歯ごたえ,p,1
歯垢,n,-1
歯周病,n,-1
歯石,n,-1
歯槽膿漏,n,-1
歯痛,n,-1
歯肉炎,n,-1
事件,n,-1
事件事故,n,-1
事故,n,-1
事故死,n,-1
事故等,n,-1
事故発生,n,-1
事後承諾,n,-1
事細か,p,1
事実,p,1
事実誤認,n,-1
事実無根,n,-1
事態,n,-1
事犯,n,-1
事変,n,-1
似非,n,-1
児童ポルノ,n,-1
児童虐待,n,-1
児童買春,n,-1
慈しみ,p,1
慈愛,p,1
慈悲,p,1
慈悲深さ,p,1
持ち金,p,1
持ち逃げ,n,-1
持ち味,p,1
持久力,p,1
持続,p,1
持続性,p,1
持病,n,-1
時間不足,n,-1
時効,n,-1
時差,n,-1
時差ぼけ,n,-1
時差ボケ,n,-1
時事ネタ,p,1
時代錯誤,n,-1
時代遅れ,n,-1
次善,p,1
次男,n,-1
治安,p,1
治癒,p,1
治療効果,p,1
痔,n,-1
痔核,n,-1
痔瘻,n,-1
耳下腺炎,n,-1
耳障り,n,-1
耳鳴り,n,-1
自意識,p,1
自家中毒,n,-1
自家撞着,p,1
自我,p,1
自覚,p,1
自覚症状,p,1
自棄,n,-1
自虐,n,-1
自虐史観,n,-1
自彊,p,1
自業自得,n,-1
自己管理能力,p,1
自己犠牲,n,-1
自己教育力,p,1
自己決定権,p,1
自己決定能力,p,1
自己嫌悪,n,-1
自己治癒力,p,1
自己表現力,p,1
自己矛盾,n,-1
自己免疫疾患,n,-1
自在,p,1
自作自演,n,-1
自殺,n,-1
自殺者,n,-1
自殺点,n,-1
自治権,p,1
自室,p,1
自主,p,1
自主回収,n,-1
自主財源,p,1
自主性,p,1
自主性自律性,p,1
自重,p,1
自粛,n,-1
自信,p,1
自然光,p,1
自然災害,n,-1
自然治癒力,p,1
自然食,p,1
自然体,p,1
自然淘汰,p,1
自然破壊,n,-1
自尊心,p,1
自損,n,-1
自堕落,n,-1
自動車事故,n,-1
自爆,n,-1
自爆テロ,n,-1
自爆攻撃,n,-1
自発性,p,1
自負心,p,1
自分らしさ,p,1
自分勝手,n,-1
自閉症,n,-1
自暴自棄,n,-1
自明,p,1
自由,p,1
自由刑,n,-1
自由自在,p,1
自由度,p,1
自律神経失調症,n,-1
自律性,p,1
自立,p,1
自立心,p,1
自立性,p,1
辞意,n,-1
識字力,p,1
識別力,p,1
七難,n,-1
七難八苦,n,-1
七面倒,n,-1
叱声,n,-1
叱責,n,-1
叱咤,n,-1
執心,n,-1
執着,n,-1
執念,n,-1
執拗,n,-1
失意,n,-1
失格,n,-1
失脚,n,-1
失業,n,-1
失業給付,p,1
失業者,n,-1
失敬,n,-1
失血,n,-1
失言,n,-1
失語症,n,-1
失効,n,-1
失策,n,-1
失笑,n,-1
失心,n,-1
失神,n,-1
失神・失心,n,-1
失政,n,-1
失速,n,-1
失態,n,-1
失着,n,-1
失調,n,-1
失点,n,-1
失投,n,-1
失当,n,-1
失敗,n,-1
失望,n,-1
失望感,n,-1
失明,n,-1
失礼,n,-1
失恋,n,-1
嫉視,n,-1
嫉妬,n,-1
湿疹,n,-1
疾患,n,-1
疾走感,p,1
疾病,n,-1
疾風,p,1
質,p,1
質感,p,1
質実,p,1
質的向上,p,1
質朴,p,1
質問攻め,n,-1
実,p,1
実り,p,1
実益,p,1
実害,n,-1
実刑,n,-1
実現,p,1
実効,p,1
実効性,p,1
実行速度,p,1
実行力,p,1
実績,p,1
実践力,p,1
実損,n,-1
実務能力,p,1
実用性,p,1
実利,p,1
実力,p,1
実力者,p,1
実力主義,p,1
実力派,p,1
実例,p,1
実話,p,1
捨て鉢,n,-1
煮汁,p,1
社会性,p,1
社会正義,p,1
社会的合意,p,1
社会的弱者,n,-1
社会的地位,p,1
社会的評価,p,1
社会不安,n,-1
謝意,p,1
謝恩,p,1
謝礼,p,1
車上荒らし,n,-1
車酔い,n,-1
遮断,n,-1
蛇行,n,-1
邪,n,-1
邪悪,n,-1
邪気,n,-1
邪鬼,n,-1
邪曲,n,-1
邪見,n,-1
邪推,n,-1
邪知,n,-1
邪念,n,-1
邪魔,n,-1
邪魔者,n,-1
邪魔物,n,-1
邪魔物・邪魔者,n,-1
邪魔立て,n,-1
邪欲,n,-1
邪恋,n,-1
借り,n,-1
借金,n,-1
借財,n,-1
釈迦,p,1
若々しさ,p,1
若さ,p,1
若気の過ち,n,-1
若気の至り,n,-1
若者,p,1
若返り,p,1
若葉マーク,n,-1
寂,n,-1
寂しさ,n,-1
寂声,n,-1
寂滅,n,-1
寂寥,n,-1
寂寥感,n,-1
弱,n,-1
弱さ,n,-1
弱み,n,-1
弱音,n,-1
弱化,n,-1
弱気,n,-1
弱腰,n,-1
弱者,n,-1
弱小,n,-1
弱体,n,-1
弱敵,n,-1
弱点,n,-1
主恩,p,1
主罪,n,-1
主従,n,-1
主従関係,p,1
主神,p,1
主題歌,p,1
主導権争い,n,-1
取りこぼし,n,-1
取り越し苦労,n,-1
取り消し,n,-1
取り柄,p,1
取引,n,-1
取消,n,-1
取締役,p,1
守備力,p,1
手がかり,p,1
手ごたえ,p,1
手だれ,p,1
手ブレ,n,-1
手違い,n,-1
手一杯,n,-1
手掛かり,p,1
手間,n,-1
手詰まり,n,-1
手軽,p,1
手軽さ,p,1
手口,n,-1
手向かい,n,-1
手込め,n,-1
手頃,p,1
手助け,p,1
手錠,n,-1
手数,n,-1
手数料,n,-1
手前勝手,n,-1
手造り,p,1
手足口病,n,-1
手段,p,1
手遅れ,n,-1
手刀,n,-1
手抜かり,n,-1
手抜き,n,-1
手不足,n,-1
手柄,p,1
手癖,n,-1
手落ち,n,-1
手利き,p,1
手練,p,1
手腕,p,1
殊勝,p,1
種切れ,n,-1
腫,n,-1
腫れ,n,-1
腫れ物,n,-1
腫脹,n,-1
腫物,n,-1
腫瘍,n,-1
趣,p,1
趣き,p,1
趣向,p,1
酒飲み,n,-1
酒気,n,-1
酒色,n,-1
酒癖,n,-1
酒乱,n,-1
首吊り,n,-1
受給,p,1
受験競争,n,-1
受験戦争,n,-1
受賞,p,1
受動喫煙,n,-1
受難,n,-1
受領,p,1
呪,n,-1
呪い,n,-1
呪術,n,-1
呪縛,n,-1
呪詛,n,-1
寿,p,1
授賞式,p,1
樹海,n,-1
需給,p,1
需要,p,1
囚人,n,-1
収益,p,1
収益性,p,1
収益力,p,1
収穫,p,1
収穫期,p,1
収穫祭,p,1
収入,p,1
収容所,n,-1
収攬,p,1
周到,p,1
周密,p,1
就職難,n,-1
修好,p,1
修好・修交,p,1
修士,p,1
修正箇所,n,-1
修正点,n,-1
修羅,n,-1
修羅場,n,-1
愁い,n,-1
愁い・愁え,n,-1
愁え,n,-1
愁傷,n,-1
愁訴,n,-1
愁嘆,n,-1
愁悲,n,-1
秀,p,1
秀逸,p,1
秀才,p,1
秀作,p,1
秀抜,p,1
秀美,p,1
秋気,n,-1
終焉,n,-1
習得,p,1
臭さ,n,-1
臭気,n,-1
臭味,n,-1
襲撃,n,-1
集団感染,n,-1
集中砲火,n,-1
集中力,p,1
醜,n,-1
醜さ,n,-1
醜悪,n,-1
醜行,n,-1
醜女,n,-1
醜態,n,-1
醜聞,n,-1
醜名,n,-1
住宅ローン,n,-1
住宅難,n,-1
充血,n,-1
充実,p,1
充実感,p,1
充足,p,1
十全,p,1
十二指腸潰瘍,n,-1
十二分,p,1
十分,p,1
従順,p,1
従順・柔順,p,1
柔,n,-1
柔らかさ,p,1
柔順,p,1
柔軟,p,1
柔軟さ,p,1
柔軟性,p,1
柔和,p,1
渋さ,p,1
渋み,n,-1
渋め,p,1
渋滞,n,-1
獣,n,-1
獣欲,n,-1
縦割り,n,-1
縦割り行政,n,-1
重し,n,-1
重圧,n,-1
重恩,p,1
重荷,n,-1
重過失,n,-1
重患,n,-1
重苦しさ,n,-1
重刑,n,-1
重厚,p,1
重厚さ,p,1
重罪,n,-1
重重,p,1
重傷,n,-1
重症,n,-1
重症化,n,-1
重症急性呼吸器症候群,n,-1
重税,n,-1
重体,n,-1
重態,n,-1
重態・重体,n,-1
重大事件,n,-1
重大事故,n,-1
重点化,p,1
重度,n,-1
重篤,n,-1
重罰,n,-1
重犯,n,-1
重病,n,-1
重複,n,-1
重宝,p,1
重宝・調法,p,1
重量感,p,1
重労働,n,-1
銃撃,n,-1
銃撃戦,n,-1
夙成,p,1
宿怨,n,-1
宿題,n,-1
宿敵,n,-1
宿便,n,-1
淑徳,p,1
祝い,p,1
祝意,p,1
祝賀,p,1
祝儀,p,1
祝言,p,1
祝辞,p,1
祝勝,p,1
祝福,p,1
粛正,n,-1
粛清,n,-1
熟練,p,1
熟練者,p,1
出っ歯,n,-1
出荷量,p,1
出過ぎ,n,-1
出会い,p,1
出血多量,n,-1
出血量,n,-1
出資,p,1
出場停止,n,-1
出色,p,1
出水,n,-1
出世,p,1
出世作,p,1
出遅れ,n,-1
出入り禁止,n,-1
出番,p,1
出費,n,-1
出不精,n,-1
出癖,n,-1
出来,p,1
出来過ぎ,n,-1
出来損ない,n,-1
出来物,n,-1
出藍の誉れ,p,1
俊,p,1
俊英,p,1
俊傑,p,1
俊才,p,1
俊才・駿才,p,1
俊秀,p,1
俊足,p,1
春,p,1
春らしさ,p,1
春情,n,-1
春風駘蕩,p,1
瞬発力,p,1
駿才,p,1
循環障害,n,-1
旬,p,1
殉教者,n,-1
準備不足,n,-1
準優勝,p,1
潤い,p,1
潤滑,p,1
潤沢,p,1
純愛,p,1
純潔,p,1
純情,p,1
純真,p,1
純真無垢,p,1
純粋,p,1
純粋さ,p,1
純正,p,1
純朴,p,1
遵守,p,1
醇美,p,1
順調,p,1
順良,p,1
処罰,n,-1
処分,n,-1
処理速度,p,1
処理能力,p,1
処理落ち,n,-1
初々しさ,p,1
初学者,n,-1
初感染,n,-1
初勝利,p,1
初体験,p,1
初犯,n,-1
初恋,p,1
所持金,p,1
所得,p,1
所払い,n,-1
所領,p,1
暑さ,n,-1
書き込みエラー,n,-1
書き込み数,p,1
書き味,p,1
助け,p,1
助け船,p,1
助成金,p,1
助長,n,-1
叙情性,p,1
女の子らしさ,p,1
女らしさ,p,1
女傑,p,1
女性らしさ,p,1
女性差別,n,-1
女日照り,n,-1
女癖,n,-1
女冥利,p,1
除名,n,-1
傷,n,-1
傷だらけ,n,-1
傷み,n,-1
傷害,n,-1
傷害事件,n,-1
傷害致死,n,-1
傷口,n,-1
傷痕,n,-1
傷者,n,-1
傷心,n,-1
傷跡,n,-1
傷病,n,-1
傷病兵,n,-1
勝ち,p,1
勝ち越し,p,1
勝ち残り,p,1
勝ち戦,p,1
勝運,p,1
勝機,p,1
勝者,p,1
勝手,n,-1
勝手気まま,n,-1
勝手次第,n,-1
勝負強さ,p,1
勝報,p,1
勝利,p,1
勝率,p,1
匠,p,1
商運,p,1
商況,p,1
商業主義,n,-1
商取引,p,1
商売繁盛,p,1
商品価値,p,1
商品券,p,1
奨励金,p,1
奨励賞,p,1
将軍,p,1
将来,p,1
将来性,p,1
将来不安,n,-1
小じわ,n,-1
小過,n,-1
小技,p,1
小競り合い,n,-1
小型,p,1
小型軽量,p,1
小径,n,-1
小遣い,p,1
小言,n,-1
小細工,n,-1
小事,n,-1
小太り,n,-1
小敵,n,-1
小難,n,-1
小物,n,-1
小変,n,-1
小味,n,-1
少年犯罪,n,-1
床ずれ,n,-1
招待券,p,1
掌握,p,1
昇進,p,1
消化不良,n,-1
消極,n,-1
消失,n,-1
消沈,n,-1
消費者被害,n,-1
消費電力,n,-1
消耗,n,-1
消耗戦,n,-1
焼きたて,p,1
焼きもち,n,-1
焼失,n,-1
焦り,n,-1
焦燥,n,-1
焦燥感,n,-1
焦眉の急,n,-1
症,n,-1
症候群,n,-1
症例,n,-1
省エネ,p,1
省エネルギー,p,1
省スペース,p,1
省スペース性,p,1
称号,p,1
称賛,p,1
称美,p,1
称揚,p,1
称揚・賞揚,p,1
笑い,p,1
笑い顔,p,1
笑い事,p,1
笑い声,p,1
笑み,p,1
笑顔,p,1
笑声,p,1
衝撃,n,-1
衝撃波,n,-1
衝動,n,-1
衝突,n,-1
象皮病,n,-1
賞,p,1
賞金,p,1
賞賛,p,1
賞賛・称賛,p,1
賞状,p,1
賞美,p,1
賞美・称美,p,1
賞品,p,1
賞揚,p,1
鍾愛,p,1
障り,n,-1
障害,n,-1
障害基礎年金,p,1
障碍,n,-1
障壁,n,-1
上の上,p,1
上り調子,p,1
上機嫌,p,1
上向き,p,1
上作,p,1
上質,p,1
上質感,p,1
上手,p,1
上手さ,p,1
上達,p,1
上品,p,1
上品さ,p,1
丈夫,p,1
丈夫さ,p,1
乗り物酔い,n,-1
冗談,n,-1
場つなぎ,n,-1
場違い,n,-1
場所ふさぎ,n,-1
場打て,n,-1
常識,p,1
常識外れ,n,-1
常識的,p,1
常勝,p,1
情,p,1
情けなさ,n,-1
情け知らず,n,-1
情け無用,n,-1
情愛,p,1
情感,p,1
情誼,p,1
情合い,p,1
情緒,p,1
情緒障害,n,-1
情痴,n,-1
情熱,p,1
情報,p,1
情報活用能力,p,1
情報処理能力,p,1
情報操作,n,-1
情報不足,n,-1
情報満載,p,1
情報漏洩,n,-1
情欲,n,-1
擾乱,n,-1
条理,p,1
浄財,p,1
浄土,p,1
状態異常,n,-1
蒸し暑さ,n,-1
蒸し返し,n,-1
植民地化,n,-1
植民地支配,n,-1
職業能力,p,1
職人,p,1
職人芸,p,1
色っぽさ,p,1
色覚異常,n,-1
色感,p,1
色気,p,1
色彩,p,1
色彩感覚,p,1
色女,p,1
色情,n,-1
色鮮やか,p,1
色男,p,1
色調,p,1
色欲,n,-1
色落ち,n,-1
食い違い,n,-1
食い過ぎ,n,-1
食い気,p,1
食い合わせ,n,-1
食い扶持,n,-1
食い料,n,-1
食べかす,n,-1
食べすぎ,n,-1
食べず嫌い,n,-1
食べもの,p,1
食べ過ぎ,n,-1
食わず嫌い,n,-1
食感,p,1
食言,n,-1
食思,p,1
食傷,n,-1
食中毒,n,-1
食中毒事件,n,-1
食通,p,1
食当たり,n,-1
食道がん,n,-1
食道楽,p,1
食欲,p,1
食欲不振,n,-1
食料不足,n,-1
食糧難,n,-1
食糧不足,n,-1
伸びやか,p,1
伸び悩み,n,-1
信,p,1
信義,p,1
信仰心,p,1
信実,p,1
信心,p,1
信念,p,1
信奉,p,1
信望,p,1
信用,p,1
信用,p,1
信用不安,n,-1
信頼,p,1
信頼回復,p,1
信頼感,p,1
信頼関係,p,1
信頼性,p,1
信憑,p,1
信憑性,p,1
侵害,n,-1
侵害行為,n,-1
侵攻,n,-1
侵食,n,-1
侵入,n,-1
侵入者,n,-1
侵略,n,-1
侵略行為,n,-1
侵略戦争,n,-1
寝たきり,n,-1
寝たきり老人,n,-1
寝ばれ,n,-1
寝汗,n,-1
寝言,n,-1
寝不足,n,-1
寝癖,n,-1
寝坊,n,-1
審美眼,p,1
心意気,p,1
心気症,n,-1
心強さ,p,1
心筋梗塞,n,-1
心懸かり,n,-1
心遣い,p,1
心構え,p,1
心細さ,n,-1
心残り,n,-1
心疾患,n,-1
心祝い,p,1
心神喪失,n,-1
心神耗弱,n,-1
心身症,n,-1
心尽くし,p,1
心臓マヒ,n,-1
心臓疾患,n,-1
心臓発作,n,-1
心臓病,n,-1
心臓麻痺,n,-1
心待ち,p,1
心地よさ,p,1
心地良さ,p,1
心置き,n,-1
心痛,n,-1
心停止,n,-1
心得違い,n,-1
心配,n,-1
心配り,p,1
心配事,n,-1
心配性,n,-1
心拍数,n,-1
心肥大,n,-1
心不全,n,-1
心服,p,1
心霊写真,n,-1
心労,n,-1
慎み,n,-1
慎重さ,p,1
慎独,n,-1
振興,p,1
新しさ,p,1
新鋭,p,1
新患,n,-1
新歓,p,1
新規性,p,1
新型肺炎,n,-1
新車,p,1
新鮮,p,1
新鮮さ,p,1
新鮮味,p,1
新築祝い,p,1
新陳代謝,p,1
新品,p,1
新味,p,1
新緑,p,1
森林破壊,n,-1
森林浴,p,1
浸食,n,-1
浸水,n,-1
浸水被害,n,-1
深刻,n,-1
深刻化,n,-1
深謝,p,1
深甚,p,1
深憂,n,-1
真,p,1
真価,p,1
真剣,p,1
真骨頂,p,1
真作,p,1
真似,n,-1
真実,p,1
真実性,p,1
真実味,p,1
真情,p,1
真心,p,1
真髄,p,1
真善美,p,1
真打ち,p,1
真直ぐ,p,1
真面目,p,1
真理,p,1
神々しさ,p,1
神格,p,1
神器,p,1
神経過敏,n,-1
神経質,n,-1
神経症,n,-1
神経症状,n,-1
神経障害,n,-1
神経衰弱,n,-1
神経痛,n,-1
神助,p,1
神性,p,1
神速,p,1
神智,p,1
神通力,p,1
神徳,p,1
神罰,n,-1
神秘,p,1
神秘性,p,1
神品,p,1
神妙,p,1
神明,p,1
臣節,p,1
親しさ,p,1
親しみ,p,1
親の恩,p,1
親ぼく,p,1
親愛,p,1
親衛,p,1
親近感,p,1
親孝行,p,1
親心,p,1
親身,p,1
親切,p,1
親切さ,p,1
親善,p,1
親睦,p,1
親密,p,1
親密さ,p,1
親密感,p,1
親友,p,1
親類付き合い,p,1
親和,p,1
診療報酬,p,1
身から出たさび,n,-1
身だしなみ,p,1
身の程,n,-1
身軽,p,1
身勝手,n,-1
身状,p,1
身体症状,n,-1
身体障害,n,-1
身売り,n,-1
身方,p,1
身命,p,1
辛苦,n,-1
辛口,n,-1
辛酸,n,-1
辛労,n,-1
辛労辛苦,n,-1
進運,p,1
進化,p,1
進捗,p,1
進展,p,1
進歩,p,1
進歩性,p,1
針,n,-1
針のむしろ,n,-1
針小棒大,n,-1
震え,n,-1
震災,n,-1
震撼,n,-1
震駭,n,-1
人おじ,n,-1
人ごみ,n,-1
人でなし,n,-1
人員,p,1
人員削減,n,-1
人格,p,1
人間らしさ,p,1
人間嫌い,n,-1
人間性,p,1
人間的魅力,p,1
人間味,p,1
人間力,p,1
人気,p,1
人気者,p,1
人気商品,p,1
人傑,p,1
人嫌い,n,-1
人権,p,1
人権侵害,n,-1
人権問題,n,-1
人見知り,n,-1
人交わり,p,1
人口減少,n,-1
人工妊娠中絶,n,-1
人混み,n,-1
人妻,p,1
人材不足,n,-1
人擦れ,p,1
人事不省,n,-1
人手,p,1
人手不足,n,-1
人種差別,n,-1
人情,p,1
人情味,p,1
人身事故,n,-1
人生,p,1
人的被害,n,-1
人徳,p,1
人非人,n,-1
人付き合い,p,1
人望,p,1
人命,p,1
人面獣心,n,-1
人類愛,p,1
人類滅亡,n,-1
人恋しさ,n,-1
仁,p,1
仁愛,p,1
仁義,p,1
仁恵,p,1
仁慈,p,1
仁者,p,1
仁恕,p,1
仁徳,p,1
刃こぼれ,n,-1
刃向かい,n,-1
刃傷ざた,n,-1
塵,n,-1
塵肺,n,-1
腎炎,n,-1
腎機能障害,n,-1
腎臓病,n,-1
腎不全,n,-1
腎盂炎,n,-1
迅速,p,1
陣痛,n,-1
靭性,p,1
図星,n,-1
吹き出もの,n,-1
吹き出物,n,-1
推賞・推称,p,1
推薦,p,1
推薦状,p,1
推力,p,1
水ばれ,n,-1
水アカ,n,-1
水禍,n,-1
水害,n,-1
水垢,n,-1
水子,n,-1
水質汚染,n,-1
水質汚濁,n,-1
水腫,n,-1
水虫,n,-1
水痘,n,-1
水頭症,n,-1
水難,n,-1
水難事故,n,-1
水入らず,p,1
水入り,n,-1
水不足,n,-1
水膨れ,n,-1
水没,n,-1
水俣病,n,-1
水漏れ,n,-1
水疱,n,-1
水疱瘡,n,-1
睡眠障害,n,-1
睡眠不足,n,-1
粋,p,1
衰え,n,-1
衰運,n,-1
衰残,n,-1
衰弱,n,-1
衰退,n,-1
衰微,n,-1
衰亡,n,-1
衰滅,n,-1
随一,p,1
随喜,p,1
髄膜炎,n,-1
崇,p,1
崇敬,p,1
崇拝,p,1
数奇,n,-1
寸志,p,1
世界一,p,1
世界一周,p,1
世界支配,n,-1
世界新,p,1
世界進出,p,1
世界戦争,n,-1
世界大戦,n,-1
世界平和,p,1
世間知らず,n,-1
世襲,n,-1
世俗,n,-1
世評,p,1
凄艶,p,1
制圧,n,-1
制球力,p,1
制裁,n,-1
制止,n,-1
制度疲労,n,-1
制覇,p,1
制約,n,-1
制約条件,n,-1
勢い,p,1
勢力,p,1
勢力争い,n,-1
性感染症,n,-1
性根,p,1
性差別,n,-1
性的興奮,n,-1
性同一性障害,n,-1
性能,p,1
性能低下,n,-1
性犯罪,n,-1
性病,n,-1
性暴力,n,-1
成果,p,1
成業,p,1
成功,p,1
成功者,p,1
成功体験,p,1
成功報酬,p,1
成就,p,1
成就感,p,1
成熟,p,1
成熟期,p,1
成人病,n,-1
成績,p,1
成長,p,1
成長ぶり,p,1
成長性,p,1
成長力,p,1
成敗,n,-1
成仏,p,1
政治犯,n,-1
政治不信,n,-1
政治腐敗,n,-1
政略結婚,n,-1
整合性,p,1
整備充実,p,1
星空,p,1
星目,n,-1
晴れやか,p,1
晴れ晴れ,p,1
晴天,p,1
正,p,1
正しさ,p,1
正解,p,1
正確,p,1
正確さ,p,1
正確性,p,1
正規,p,1
正義,p,1
正義感,p,1
正月気分,p,1
正常,p,1
正調,p,1
正直,p,1
正当,p,1
正当化,n,-1
正当性,p,1
正統,p,1
正統性,p,1
正銘,p,1
正論,p,1
清々しさ,p,1
清らか,p,1
清潔,p,1
清潔さ,p,1
清潔感,p,1
清純,p,1
清祥,p,1
清浄無垢,p,1
清水,p,1
清澄,p,1
清清,p,1
清楚,p,1
清貧,p,1
清流,p,1
清涼感,p,1
清冽,p,1
生きがい,p,1
生き甲斐,p,1
生き残り,p,1
生き仏,p,1
生き返り,p,1
生まれ変わり,p,1
生み・産みの苦しみ,n,-1
生みの苦しみ,n,-1
生ゴミ,n,-1
生意気,n,-1
生育障害,n,-1
生涯現役,p,1
生活苦,n,-1
生活習慣病,n,-1
生活難,n,-1
生活排水,n,-1
生活費,p,1
生活保護,p,1
生活力,p,1
生還,p,1
生気,p,1
生彩,p,1
生殺し,n,-1
生産意欲,p,1
生産効率,p,1
生産性,p,1
生産能力,p,1
生産量,p,1
生産力,p,1
生臭さ,n,-1
生殖機能,p,1
生存,p,1
生存者,p,1
生長,p,1
生徒たち,p,1
生命,p,1
生命力,p,1
生命倫理,p,1
生理痛,n,-1
生理不順,n,-1
生霊,n,-1
盛り,p,1
盛りだくさん,p,1
盛り上がり,p,1
盛ん,p,1
盛運,p,1
盛況,p,1
盛者,p,1
盛大,p,1
精鋭,p,1
精華,p,1
精確,p,1
精気,p,1
精強,p,1
精巧,p,1
精神汚染,n,-1
精神疾患,n,-1
精神障害,n,-1
精神性,p,1
精神的ダメージ,n,-1
精神的苦痛,n,-1
精神的疲労,n,-1
精神病,n,-1
精神分裂症,n,-1
精神分裂病,n,-1
精神崩壊,n,-1
精神力,p,1
精進,p,1
精美,p,1
精密,p,1
精密さ,p,1
精妙,p,1
精力,p,1
精力絶倫,p,1
精力的,p,1
精励,p,1
精霊,p,1
精悍さ,p,1
精緻,p,1
聖,p,1
聖恩,p,1
聖賢,p,1
聖徳,p,1
聖母マリア,p,1
聖霊,p,1
声援,p,1
西哲,p,1
西南戦争,n,-1
誠,p,1
誠意,p,1
誠実,p,1
誠実さ,p,1
逝去,n,-1
青そこひ,n,-1
青びょうたん,n,-1
青鬼,n,-1
青空,p,1
青臭さ,n,-1
青春,p,1
青息,n,-1
静,p,1
静かさ,p,1
静けさ,p,1
静穏,p,1
静粛性,p,1
静脈瘤,n,-1
税収,p,1
税収入,p,1
税負担,n,-1
脆さ,n,-1
脆弱,n,-1
惜敗,n,-1
石油ショック,n,-1
石油危機,n,-1
積怨,n,-1
積極的,p,1
脊髄カリエス,n,-1
責,n,-1
責め苦,n,-1
責任感,p,1
赤い羽根,p,1
赤錆,n,-1
赤字,n,-1
赤字経営,n,-1
赤潮,n,-1
赤点,n,-1
赤貧,n,-1
赤目,n,-1
赤痢,n,-1
切なさ,n,-1
切り捨て,n,-1
切り傷,n,-1
切れ者,p,1
切れ端,n,-1
切れ味,p,1
切実,n,-1
切迫,n,-1
切腹,n,-1
拙攻,n,-1
拙作,n,-1
接触不良,n,-1
接着性,p,1
接点,p,1
摂食障害,n,-1
折り合い,p,1
折り紙,p,1
折り紙付き,p,1
折檻,n,-1
設定ミス,n,-1
設備,p,1
窃取,n,-1
窃盗,n,-1
節義,p,1
節操,p,1
節度,p,1
説得力,p,1
説明不足,n,-1
雪害,n,-1
雪崩,n,-1
雪盲,n,-1
絶,n,-1
絶佳,p,1
絶景,p,1
絶好,p,1
絶好調,p,1
絶賛,p,1
絶勝,p,1
絶息,n,-1
絶対音感,p,1
絶頂,p,1
絶版,n,-1
絶美,p,1
絶望,n,-1
絶望感,n,-1
絶望的,n,-1
絶妙,p,1
絶命,n,-1
絶滅,n,-1
絶倫,p,1
舌禍,n,-1
舌鼓,p,1
舌足らず,n,-1
舌打ち,n,-1
先覚者,p,1
先駆者,p,1
先見,p,1
先見の明,p,1
先見性,p,1
先賢,p,1
先行き不透明感,n,-1
先細り,n,-1
先勝,p,1
先進性,p,1
先制ゴール,p,1
先制パンチ,n,-1
先制点,p,1
先太り,n,-1
先哲,p,1
先入観,n,-1
千辛万苦,n,-1
千人力,p,1
千編一律,n,-1
千慮の一失,n,-1
占領,n,-1
宣戦布告,n,-1
専横,n,-1
専門,p,1
専門医,p,1
専門性,p,1
専門知識,p,1
専門的知識,p,1
専門的能力,p,1
専門能力,p,1
戦意,p,1
戦果,p,1
戦火,n,-1
戦禍,n,-1
戦功,p,1
戦災,n,-1
戦死,n,-1
戦死者,n,-1
戦勝,p,1
戦場,n,-1
戦績,p,1
戦争,n,-1
戦争責任,n,-1
戦争犯罪,n,-1
戦闘,n,-1
戦闘能力,p,1
戦闘力,p,1
戦敗,n,-1
戦犯,n,-1
戦費,n,-1
戦没,n,-1
戦略性,p,1
戦力,p,1
浅見,n,-1
浅知恵,n,-1
洗浄力,p,1
洗練,p,1
煽り,n,-1
穿鑿好き,n,-1
繊細,p,1
繊細さ,p,1
船酔い,n,-1
選り好み,n,-1
選奨,p,1
遷化,n,-1
鮮やか,p,1
鮮やかさ,p,1
鮮度,p,1
鮮明,p,1
鮮烈,p,1
前科,n,-1
前進,p,1
前途,p,1
前立腺がん,n,-1
前立腺癌,n,-1
前立腺肥大,n,-1
前立腺肥大症,n,-1
善,p,1
善意,p,1
善行,p,1
善政,p,1
善戦,p,1
善美,p,1
漸騰,n,-1
漸落,n,-1
全壊,n,-1
全快,p,1
全国制覇,p,1
全勝,p,1
全盛,p,1
全精力,p,1
全速,p,1
全速力,p,1
全損,n,-1
全知,p,1
全知全能,p,1
全能,p,1
全敗,n,-1
全滅,n,-1
全面戦争,n,-1
全力,p,1
疎外感,n,-1
祖国統一,p,1
祖先,p,1
粗,n,-1
粗さ,n,-1
粗悪,n,-1
粗忽,n,-1
粗相,n,-1
素質,p,1
素人,n,-1
素晴らしさ,p,1
素早さ,p,1
素地,p,1
素直,p,1
素敵,p,1
素朴,p,1
素養,p,1
訴え,n,-1
阻害,n,-1
創意工夫,p,1
創業者,p,1
創見,p,1
創作意欲,p,1
創造性,p,1
創造力,p,1
倉庫荒し,n,-1
喪失,n,-1
喪失感,n,-1
喪心,n,-1
喪心・喪神,n,-1
喪神,n,-1
壮快,p,1
壮観,p,1
壮健,p,1
壮絶,n,-1
壮美,p,1
奏功,p,1
奏効,p,1
爽やか,p,1
爽やかさ,p,1
爽快,p,1
爽快感,p,1
想い,p,1
想像力,p,1
操作性,p,1
早とちり,n,-1
早期完成,p,1
早期実現,p,1
早期成立,p,1
早期発見,p,1
早期発見早期治療,p,1
早業,p,1
早口,n,-1
早寝早起き,p,1
早退,n,-1
早発性痴呆,n,-1
早漏,n,-1
巣窟,n,-1
争,n,-1
争い,n,-1
争奪戦,n,-1
争乱,n,-1
相愛,p,1
相互依存関係,n,-1
相互運用性,p,1
相思相愛,p,1
相乗効果,p,1
総すかん,n,-1
総て,p,1
総なめ,p,1
総スカン,n,-1
総攻撃,n,-1
総合力,p,1
総崩れ,n,-1
荘厳,p,1
荘厳さ,p,1
蒼白,n,-1
走力,p,1
遭難,n,-1
遭難者,n,-1
霜害,n,-1
騒がしさ,n,-1
騒ぎ,n,-1
騒音,n,-1
騒動,n,-1
騒乱,n,-1
増産,p,1
増収,p,1
増水,n,-1
増税,n,-1
憎さ,n,-1
憎しみ,n,-1
憎まれ役,n,-1
憎らしさ,n,-1
憎悪,n,-1
憎憎しさ,n,-1
造反,n,-1
即戦力,p,1
息の根,n,-1
息苦しさ,n,-1
息災,p,1
息吹,p,1
息切れ,n,-1
束縛,n,-1
足止め,n,-1
足弱,n,-1
足切り,n,-1
足踏み,n,-1
足踏み状態,n,-1
足癖,n,-1
足枷,n,-1
速さ,p,1
速やか,p,1
速球,p,1
速効,p,1
速度低下,n,-1
速報性,p,1
速力,p,1
俗,n,-1
俗化,n,-1
俗情,n,-1
俗世,n,-1
俗世間,n,-1
俗念,n,-1
賊,n,-1
賊徒,n,-1
続伸,n,-1
続落,n,-1
卒去,n,-1
卒業資格,p,1
卒中,n,-1
卒倒,n,-1
存在意義,p,1
存在感,p,1
存生,p,1
尊さ,p,1
尊敬,p,1
尊厳,p,1
尊重,p,1
尊信,p,1
尊崇,p,1
損じ,n,-1
損壊,n,-1
損害,n,-1
損害賠償,n,-1
損害賠償責任,n,-1
損失,n,-1
損傷,n,-1
他界,n,-1
他殺,n,-1
多機能,p,1
多血質,n,-1
多幸,p,1
多彩,p,1
多謝,p,1
多重債務,n,-1
多情仏心,p,1
多動,n,-1
多尿,n,-1
多忙,n,-1
多面的機能,p,1
多様性,p,1
太っ腹,p,1
太りすぎ,n,-1
太刀打ち,n,-1
太平,p,1
太平楽,p,1
唾棄,n,-1
堕落,n,-1
惰性,n,-1
惰性的,n,-1
打ち間違い,n,-1
打ち傷,n,-1
打ち身,n,-1
打ち切り,n,-1
打撃,n,-1
打算,n,-1
打撲,n,-1
打擲,n,-1
駄スレ,n,-1
駄作,n,-1
駄文,n,-1
駄目,n,-1
駄目出し,n,-1
体刑,n,-1
体脂肪,n,-1
体脂肪率,n,-1
体重,n,-1
体重増加,n,-1
体調不良,n,-1
体内時計,p,1
体罰,n,-1
体力,p,1
体力気力,p,1
体力差,n,-1
体力低下,n,-1
体力不足,n,-1
堆積,n,-1
対応力,p,1
対岸の火事,n,-1
対空砲火,n,-1
対抗,n,-1
対人恐怖,n,-1
対人恐怖症,n,-1
対陣,n,-1
対立,n,-1
耐圧,p,1
耐久性,p,1
耐久力,p,1
耐候性,p,1
耐衝撃性,p,1
耐食性,p,1
耐震性,p,1
耐水性,p,1
耐性,p,1
耐熱性,p,1
帯域幅,p,1
帯状疱疹,n,-1
待ちぼうけ,n,-1
待ち時間,n,-1
怠け,n,-1
怠け者,n,-1
怠惰,n,-1
怠慢,n,-1
滞り,n,-1
滞納,n,-1
胎毒,n,-1
袋叩き,n,-1
退院祝い,p,1
退化,n,-1
退会,n,-1
退学,n,-1
退屈,n,-1
退行,n,-1
退場処分,n,-1
退色,n,-1
退廃,n,-1
退廃・頽廃,n,-1
退部,n,-1
退歩,n,-1
逮捕,n,-1
代謝,p,1
代償,n,-1
代表作,p,1
代表選手,p,1
代役,p,1
台風,n,-1
台無し,n,-1
大げさ,n,-1
大ざっぱ,n,-1
大にぎわい,p,1
大まか,n,-1
大ダメージ,n,-1
大ヒット,p,1
大ブーイング,n,-1
大悦,p,1
大往生,p,1
大恩,p,1
大家,p,1
大火災,n,-1
大過,n,-1
大怪我,n,-1
大喝,n,-1
大患,n,-1
大間違い,n,-1
大企業,p,1
大喜び,p,1
大器晩成,p,1
大気汚染,n,-1
大飢饉,n,-1
大儀,n,-1
大技,p,1
大義,p,1
大吉,p,1
大虐殺,n,-1
大逆,n,-1
大泣き,n,-1
大漁,p,1
大凶,n,-1
大恐慌,n,-1
大金,p,1
大袈裟,n,-1
大型倒産,n,-1
大慶,p,1
大喧嘩,n,-1
大賢,p,1
大好き,p,1
大好評,p,1
大洪水,n,-1
大国,p,1
大災害,n,-1
大罪,n,-1
大作,p,1
大雑把,n,-1
大惨事,n,-1
大仕事,p,1
大事,p,1
大事故,n,-1
大自然,p,1
大失態,n,-1
大失敗,n,-1
大渋滞,n,-1
大勝,p,1
大勝利,p,1
大笑い,p,1
大丈夫,p,1
大震災,n,-1
大人物,p,1
大水,n,-1
大水害,n,-1
大成,p,1
大成功,p,1
大盛況,p,1
大聖,p,1
大切,p,1
大雪,n,-1
大戦,n,-1
大戦争,n,-1
大損,n,-1
大損害,n,-1
大多数,p,1
大打撃,n,-1
大胆,p,1
大胆さ,p,1
大地震,n,-1
大腸がん,n,-1
大腸ガン,n,-1
大腸癌,n,-1
大腸菌,n,-1
大津波,n,-1
大敵,n,-1
大東亜戦争,n,-1
大盗,n,-1
大統領,p,1
大難,n,-1
大破,n,-1
大敗,n,-1
大爆発,n,-1
大盤石,p,1
大被害,n,-1
大病,n,-1
大風,n,-1
大福,p,1
大物,p,1
大変,n,-1
大便,n,-1
大味,n,-1
大迷惑,n,-1
大目玉,n,-1
大厄,n,-1
大量失点,n,-1
大力,p,1
大和魂,p,1
大和心,p,1
第１次世界大戦,n,-1
第一次世界大戦,n,-1
第一次大戦,n,-1
第一人者,p,1
第一流,p,1
第二次世界大戦,n,-1
第二次大戦,n,-1
醍醐味,p,1
卓識,p,1
卓抜,p,1
濁り,n,-1
叩き,n,-1
達識,p,1
達者,p,1
達人,p,1
達成,p,1
達成感,p,1
奪い合い,n,-1
奪回,p,1
脱臼,n,-1
脱却,p,1
脱水症状,n,-1
脱税,n,-1
脱線,n,-1
脱走,n,-1
脱腸,n,-1
脱法,n,-1
脱落,n,-1
脱落者,n,-1
脱力感,n,-1
脱輪,n,-1
脱疽,n,-1
棚卸し,n,-1
丹青,p,1
丹毒,n,-1
丹念,p,1
単調,n,-1
単調さ,n,-1
単独犯,n,-1
嘆,n,-1
嘆かわしさ,n,-1
嘆き,n,-1
嘆美,p,1
探求心,p,1
探究心,p,1
探検気分,p,1
淡彩,p,1
炭肺,n,-1
短気,n,-1
短所,n,-1
短命,n,-1
端役,n,-1
胆汁質,n,-1
胆石,n,-1
誕生,p,1
誕生祝い,p,1
誕生石,p,1
誕生日,p,1
誕生日プレゼント,p,1
誕生日祝い,p,1
団結力,p,1
団欒,p,1
弾圧,n,-1
弾力,p,1
弾力性,p,1
断トツ,p,1
断罪,n,-1
断水,n,-1
断絶,n,-1
断線,n,-1
断腸,n,-1
断腸の思い,n,-1
断熱性,p,1
断念,n,-1
断片,n,-1
断末魔,n,-1
暖かさ,p,1
段違い,p,1
段差,n,-1
男気,p,1
男嫌い,n,-1
男手,p,1
男女共同参画,p,1
男女差,n,-1
男女差別,n,-1
男女同権,p,1
男女平等,p,1
男神,p,1
男前,p,1
男日照り,n,-1
男冥利,p,1
談合,n,-1
値ごろ,p,1
値上げ,n,-1
値打ち,p,1
値段,n,-1
値崩れ,n,-1
知,p,1
知・智,p,1
知る権利,p,1
知恵,p,1
知恵袋,p,1
知行,p,1
知識,p,1
知識経験,p,1
知識人,p,1
知識不足,n,-1
知性,p,1
知的,p,1
知的興奮,p,1
知的好奇心,p,1
知的所有権,p,1
知的障害,n,-1
知徳,p,1
知能,p,1
知能犯,n,-1
知名,p,1
知名度,p,1
知勇,p,1
知力,p,1
地ばれ,n,-1
地位,p,1
地域格差,n,-1
地域差,n,-1
地域性,p,1
地域紛争,n,-1
地下鉄サリン事件,n,-1
地獄,n,-1
地震,n,-1
地盤沈下,n,-1
地味,n,-1
地雷,n,-1
地力,p,1
恥,n,-1
恥さらし,n,-1
恥ずかしさ,n,-1
恥辱,n,-1
恥部,n,-1
智,p,1
智恵,p,1
智慧,p,1
痴ほう,n,-1
痴漢,n,-1
痴漢行為,n,-1
痴情,n,-1
痴呆,n,-1
痴呆症,n,-1
痴話げんか,n,-1
稚拙,n,-1
置いてきぼり,n,-1
置き引き,n,-1
致死,n,-1
致命,n,-1
致命傷,n,-1
遅さ,n,-1
遅れ,n,-1
遅ればせ,n,-1
遅れ馳せ,n,-1
遅延,n,-1
遅刻,n,-1
遅参,n,-1
遅滞,n,-1
遅知恵,n,-1
竹林の七賢,p,1
蓄え,p,1
蓄積,n,-1
蓄膿症,n,-1
秩序,p,1
窒息,n,-1
茶気,p,1
着道楽,n,-1
中だるみ,n,-1
中古,n,-1
中止,n,-1
中耳炎,n,-1
中傷,n,-1
中性脂肪,n,-1
中絶,n,-1
中断,n,-1
中途,n,-1
中途半端,n,-1
中毒,n,-1
中庸,p,1
中立性,p,1
仲間,p,1
仲間意識,p,1
仲人,p,1
仲直り,p,1
仲良し,p,1
忠義,p,1
忠勤,p,1
忠魂,p,1
忠実,p,1
忠心,p,1
忠誠,p,1
忠誠心,p,1
忠節,p,1
忠霊,p,1
昼夜逆転,n,-1
注意,n,-1
注意力,p,1
虫の息,n,-1
虫刺され,n,-1
虫歯,n,-1
虫食い,n,-1
虫垂炎,n,-1
衷情,p,1
駐車違反,n,-1
著作権違反,n,-1
著作権侵害,n,-1
著作権侵害行為,n,-1
著名,p,1
著名人,p,1
貯金,p,1
丁重,p,1
丁寧,p,1
丁寧さ,p,1
凋落,n,-1
寵愛,p,1
帳消し,p,1
帳消し,p,1
弔い,n,-1
張り,p,1
張り合い,p,1
徴収,n,-1
徴用,n,-1
懲らしめ,n,-1
懲戒,n,-1
懲戒処分,n,-1
懲罰,n,-1
懲役,n,-1
朝恩,p,1
朝鮮戦争,n,-1
朝令暮改,n,-1
聴き手,p,1
聴覚障害,n,-1
聴力,p,1
聴力障害,n,-1
腸カタル,n,-1
腸チフス,n,-1
腸炎,n,-1
腸捻転症,n,-1
腸閉塞,n,-1
調法,p,1
調和,p,1
超過,n,-1
超過料金,n,-1
超人,p,1
超能力,p,1
長,p,1
長期欠席,n,-1
長期入院,n,-1
長欠,n,-1
長持ち,p,1
長時間労働,n,-1
長者,p,1
長寿,p,1
長寿命化,p,1
長所,p,1
長生,p,1
長生き,p,1
長逝,n,-1
長打,p,1
長打力,p,1
長嘆,n,-1
長命,p,1
鳥インフルエンザ,n,-1
鳥害,n,-1
鳥肌,n,-1
鳥目,n,-1
直撃弾,n,-1
直線美,p,1
沈静,p,1
沈滞,n,-1
沈滞ムード,n,-1
沈着,n,-1
沈没,n,-1
沈淪,n,-1
沈湎,n,-1
珍しさ,p,1
珍奇,n,-1
珍事,n,-1
珍味,n,-1
珍妙,n,-1
珍無類,n,-1
珍問,n,-1
賃下げ,n,-1
賃金,p,1
賃金格差,n,-1
賃上げ,p,1
陳情,n,-1
陳腐化,n,-1
津波,n,-1
墜落,n,-1
墜落事故,n,-1
椎間板ヘルニア,n,-1
追いはぎ,n,-1
追い上げ,n,-1
追い立て,n,-1
追っ手,n,-1
追加効果,p,1
追加点,p,1
追加料金,n,-1
追手,n,-1
追突事故,n,-1
痛,n,-1
痛々しさ,n,-1
痛さ,n,-1
痛ましさ,n,-1
痛み,n,-1
痛快,p,1
痛感,n,-1
痛苦,n,-1
痛恨,n,-1
痛恨事,n,-1
痛手,n,-1
痛心,n,-1
痛打,n,-1
痛嘆,n,-1
痛罵,n,-1
痛風,n,-1
痛烈,n,-1
痛哭,n,-1
痛痒,n,-1
通,p,1
通り魔,n,-1
通貨危機,n,-1
通気性,p,1
通勤ラッシュ,n,-1
通行止め,n,-1
通風,n,-1
椿事,n,-1
潰し,n,-1
潰走,n,-1
潰瘍,n,-1
吊るし上げ,n,-1
釣果,p,1
低コスト,p,1
低下,n,-1
低価格,p,1
低血圧,n,-1
低血圧症,n,-1
低消費電力,p,1
低調,n,-1
低迷,n,-1
低迷期,n,-1
低迷状態,n,-1
低落,n,-1
低利,n,-1
停学,n,-1
停学処分,n,-1
停職,n,-1
停戦,n,-1
停滞,n,-1
停滞感,n,-1
停滞期,n,-1
停電,n,-1
停頓,n,-1
貞潔,p,1
貞淑,p,1
貞節,p,1
貞操,p,1
定員割れ,n,-1
定着,p,1
定番,p,1
定評,p,1
底上げ,p,1
底力,p,1
抵抗,n,-1
抵抗感,n,-1
抵抗勢力,n,-1
抵抗性,p,1
抵抗力,p,1
提供,p,1
提携関係,p,1
程々,p,1
締め出し,n,-1
締め付け,n,-1
訂正箇所,n,-1
泥,n,-1
泥沼,n,-1
泥沼化,n,-1
泥水,n,-1
泥酔状態,n,-1
泥棒,n,-1
泥流,n,-1
摘発,n,-1
敵,n,-1
敵意,n,-1
敵失,p,1
敵対,n,-1
敵対心,n,-1
敵兵,n,-1
敵役,n,-1
敵愾心,n,-1
的外れ,n,-1
的確,p,1
的中,p,1
適応性,p,1
適応力,p,1
適合,p,1
適材適所,p,1
適時打,p,1
適職,p,1
適性,p,1
適正,p,1
適切,p,1
適度,p,1
適任,p,1
適評,p,1
適法,p,1
適役,p,1
溺愛,n,-1
溺死,n,-1
哲学,p,1
徹底的,p,1
轍,n,-1
鉄欠乏性貧血,n,-1
鉄拳,n,-1
鉄砲水,n,-1
典麗,p,1
天にも昇る心地,p,1
天衣無縫,p,1
天恩,p,1
天下一,p,1
天下一品,p,1
天恵,p,1
天候不順,n,-1
天皇杯,p,1
天国,p,1
天才,p,1
天災,n,-1
天使,p,1
天助,p,1
天真爛漫,p,1
天然温泉,p,1
天然痘,n,-1
天地神明,p,1
天敵,n,-1
天道,p,1
天罰,n,-1
天罰てきめん,n,-1
天佑,p,1
天祐,p,1
天誅,n,-1
店じまい,n,-1
転嫁,n,-1
転倒,n,-1
転倒事故,n,-1
転落,n,-1
転落事故,n,-1
点数,p,1
伝染,n,-1
伝染病,n,-1
伝線,n,-1
伝統,p,1
伝統美,p,1
伝統文化,p,1
殿堂入り,p,1
田虫,n,-1
電気ショック,n,-1
電気代,n,-1
電撃,n,-1
電磁波,n,-1
電池切れ,n,-1
電波,n,-1
電波障害,n,-1
電力,p,1
電力危機,n,-1
電話代,n,-1
吐き気,n,-1
吐血,n,-1
吐息,n,-1
吐瀉物,n,-1
塗炭の苦しみ,n,-1
妬心,n,-1
徒刑,n,-1
徒手空拳,n,-1
徒費,n,-1
徒労感,n,-1
登校拒否,n,-1
登仙,n,-1
途上,n,-1
都市機能,p,1
努力の結晶,p,1
努力義務,p,1
土気色,n,-1
土砂災害,n,-1
土砂崩れ,n,-1
土産,p,1
土石流,n,-1
土付かず,p,1
怒り,n,-1
怒りっぽさ,n,-1
怒気,n,-1
怒号,n,-1
怒声,n,-1
怒鳴り声,n,-1
倒壊,n,-1
倒産,n,-1
凍結,n,-1
凍死,n,-1
凍傷,n,-1
凍瘡,n,-1
島流し,n,-1
悼み,n,-1
投げやり,n,-1
投棄,n,-1
投獄,n,-1
投資効率,p,1
投票権,p,1
東海地震,n,-1
盗,n,-1
盗み,n,-1
盗み笑い,n,-1
盗掘,n,-1
盗作,n,-1
盗人,n,-1
盗賊,n,-1
盗賊団,n,-1
盗聴,n,-1
盗電,n,-1
盗難,n,-1
盗難被害,n,-1
盗犯,n,-1
盗癖,n,-1
当たり,p,1
当たり障り,n,-1
当たり役,p,1
当意即妙,p,1
当座しのぎ,n,-1
当選,p,1
当惑,n,-1
痘瘡,n,-1
等級,p,1
糖尿,n,-1
糖尿病,n,-1
統一感,p,1
統一性,p,1
統合失調症,n,-1
逃避,n,-1
逃避行,n,-1
逃亡,n,-1
逃亡生活,n,-1
透明感,p,1
透明性,p,1
頭でっかち,n,-1
頭痛,n,-1
頭痛鉢巻き,n,-1
頭脳,p,1
騰貴,n,-1
騰落,n,-1
闘気,p,1
闘魂,p,1
闘志,p,1
闘病生活,n,-1
働き,p,1
働きかけ,p,1
働き過ぎ,n,-1
動作速度,p,1
動作不良,n,-1
動脈硬化,n,-1
動脈硬化症,n,-1
動脈瘤,n,-1
動揺,n,-1
動乱,n,-1
動悸,n,-1
同感,p,1
同慶,p,1
同時多発テロ,n,-1
同病,n,-1
同憂,n,-1
憧憬,p,1
撞着,p,1
洞察力,p,1
童貞,n,-1
胴間声,n,-1
道化役,n,-1
道義,p,1
道徳,p,1
道徳性,p,1
道半ば,n,-1
得,p,1
得るところ,p,1
得意,p,1
得策,p,1
得手,p,1
得手勝手,n,-1
得点,p,1
得点力,p,1
得票,p,1
得分,p,1
得分・徳分,p,1
得用,p,1
徳,p,1
徳義,p,1
徳性,p,1
徳操,p,1
徳分,p,1
徳用,p,1
徳用・得用,p,1
特技,p,1
特許,p,1
特恵,p,1
特権,p,1
特効,p,1
特攻,n,-1
特質,p,1
特殊能力,p,1
特選,p,1
特段,p,1
特典,p,1
督励,p,1
篤学,p,1
篤志,p,1
毒,n,-1
毒ガス,n,-1
毒液,n,-1
毒気,n,-1
毒殺,n,-1
毒状態,n,-1
毒性,n,-1
毒舌,n,-1
毒素,n,-1
毒電波,n,-1
毒当たり,n,-1
毒婦,n,-1
毒霧,n,-1
独裁,n,-1
独裁者,n,-1
独自性,p,1
独自路線,p,1
独善,n,-1
独善的,n,-1
独創性,p,1
独断,n,-1
独立,p,1
独立心,p,1
独立性,p,1
独立独歩,p,1
読み癖,n,-1
読解力,p,1
凸凹,n,-1
突き,n,-1
突き傷,n,-1
突き目,n,-1
頓挫,n,-1
頓着,n,-1
曇り声,n,-1
鈍さ,n,-1
鈍化,n,-1
鈍感,n,-1
鈍才,n,-1
鈍痛,n,-1
内ゲバ,n,-1
内気,n,-1
内祝言,p,1
内出血,n,-1
内戦,n,-1
内争,n,-1
内臓脂肪,n,-1
内臓疾患,n,-1
内部結露,n,-1
内部分裂,n,-1
内紛,n,-1
内憂外患,n,-1
内乱,n,-1
内輪げんか,n,-1
内輪もめ,n,-1
内輪争い,n,-1
内訌,n,-1
南国気分,p,1
軟弱,n,-1
難,n,-1
難解,n,-1
難関,n,-1
難儀,n,-1
難局,n,-1
難工事,n,-1
難攻不落,p,1
難航,n,-1
難産,n,-1
難事,n,-1
難渋,n,-1
難所,n,-1
難症,n,-1
難色,n,-1
難船,n,-1
難題,n,-1
難中の難事,n,-1
難聴,n,-1
難敵,n,-1
難点,n,-1
難度,n,-1
難破,n,-1
難病,n,-1
難癖,n,-1
難民,n,-1
難問,n,-1
二の足,n,-1
二次感染,n,-1
二次災害,n,-1
二次障害,n,-1
二次被害,n,-1
二心,n,-1
二日酔い,n,-1
二枚舌,n,-1
二枚目,p,1
二律背反,n,-1
二流,n,-1
賑やか,p,1
賑やかさ,p,1
賑わい,p,1
肉感,p,1
肉腫,n,-1
肉食妻帯,n,-1
肉体美,p,1
肉弾戦,n,-1
肉欲,n,-1
日光浴,p,1
日差し,p,1
日射病,n,-1
日照不足,n,-1
日清戦争,n,-1
日中戦争,n,-1
日本一,p,1
日本脳炎,n,-1
乳がん,n,-1
乳ガン,n,-1
乳癌,n,-1
乳腺炎,n,-1
乳房炎,n,-1
入り用,p,1
入寂,n,-1
入定,n,-1
入念,p,1
入滅,n,-1
入力ミス,n,-1
尿失禁,n,-1
尿毒症,n,-1
尿路結石,n,-1
妊娠中毒症,n,-1
忍,n,-1
忍び笑い,n,-1
忍耐力,p,1
認可,p,1
認識,p,1
認識不足,n,-1
認証,p,1
認定,p,1
濡れ衣,n,-1
猫かわいがり,p,1
猫なで声,n,-1
猫背,n,-1
熱愛,p,1
熱意,p,1
熱感,n,-1
熱気,p,1
熱血,p,1
熱賛,p,1
熱射病,n,-1
熱傷,n,-1
熱心,p,1
熱戦,p,1
熱中症,n,-1
熱病,n,-1
熱暴走,n,-1
熱量,p,1
年賀,p,1
年季,p,1
年金,p,1
年収,p,1
念入り,p,1
捻挫,n,-1
粘り,p,1
粘り強さ,p,1
粘液質,n,-1
粘着,n,-1
悩ましさ,n,-1
悩み,n,-1
濃彩,p,1
濃霧,n,-1
能,p,1
能力,p,1
脳こうそく,n,-1
脳しんとう,n,-1
脳溢血,n,-1
脳炎,n,-1
脳血管障害,n,-1
脳血栓,n,-1
脳梗塞,n,-1
脳硬塞,n,-1
脳挫傷,n,-1
脳塞栓,n,-1
脳死,n,-1
脳腫瘍,n,-1
脳充血,n,-1
脳出血,n,-1
脳症,n,-1
脳障害,n,-1
脳震盪,n,-1
脳脊髄膜炎,n,-1
脳卒中,n,-1
脳内出血,n,-1
脳軟化症,n,-1
脳病,n,-1
脳貧血,n,-1
膿,n,-1
膿腫,n,-1
膿疱,n,-1
膿瘍,n,-1
覗き,n,-1
覇気,p,1
波風,n,-1
波瀾,n,-1
破たん,n,-1
破れ,n,-1
破れかぶれ,n,-1
破壊,n,-1
破壊力,p,1
破戒,n,-1
破顔一笑,p,1
破産,n,-1
破傷風,n,-1
破損,n,-1
破綻,n,-1
破断,n,-1
破談,n,-1
破調,n,-1
破天荒,n,-1
破片,n,-1
破滅,n,-1
破門,n,-1
破約,n,-1
破裂,n,-1
罵声,n,-1
罵倒,n,-1
罵詈,n,-1
罵詈雑言,n,-1
罵詈讒謗,n,-1
馬鹿,n,-1
馬鹿馬鹿しさ,n,-1
馬賊,n,-1
馬力,p,1
俳優,p,1
廃り,n,-1
廃液,n,-1
廃棄物,n,-1
廃業,n,-1
廃校,n,-1
廃止,n,-1
廃疾,n,-1
廃車,n,-1
廃人,n,-1
廃絶,n,-1
廃退,n,-1
廃部,n,-1
廃物,n,-1
排外主義,n,-1
排気ガス,n,-1
排水,n,-1
排斥,n,-1
排他性,n,-1
排尿障害,n,-1
排泄物,n,-1
敗局,n,-1
敗血症,n,-1
敗残,n,-1
敗者,n,-1
敗績,n,-1
敗戦,n,-1
敗訴,n,-1
敗走,n,-1
敗退,n,-1
敗報,n,-1
敗北,n,-1
敗北感,n,-1
背筋力,p,1
背信,n,-1
背痛,n,-1
背徳,n,-1
背負い投げ,n,-1
背約,n,-1
肺がん,n,-1
肺ガン,n,-1
肺炎,n,-1
肺癌,n,-1
肺気腫,n,-1
肺結核,n,-1
肺浸潤,n,-1
肺水腫,n,-1
肺病,n,-1
配偶者特別控除,p,1
配当,p,1
配流,n,-1
倍速,p,1
梅毒,n,-1
煤煙,n,-1
買春,n,-1
売り上げ,p,1
売り切れ,n,-1
売れ行き,p,1
売れ残り,n,-1
売春,n,-1
売笑,n,-1
売上,p,1
売上げ,p,1
賠償,n,-1
剥離,n,-1
博愛,p,1
博雅,p,1
博学,p,1
博識,p,1
博聞,p,1
博覧強記,p,1
拍手,p,1
拍手喝采,p,1
白そこひ,n,-1
白なまず,n,-1
白煙,n,-1
白血病,n,-1
白砂青松,p,1
白痴,n,-1
白内障,n,-1
薄さ,n,-1
薄ら笑い,n,-1
薄幸,n,-1
薄弱,n,-1
薄笑い,n,-1
薄情,n,-1
薄氷を踏む思い,n,-1
薄命,n,-1
薄毛,n,-1
迫害,n,-1
迫真,p,1
迫力,p,1
迫力満点,p,1
爆撃,n,-1
爆弾,n,-1
爆弾テロ,n,-1
爆発,n,-1
爆発事故,n,-1
爆風,n,-1
爆裂,n,-1
麦粒腫,n,-1
肌あれ,n,-1
肌トラブル,n,-1
肌荒れ,n,-1
八景,p,1
八幡,p,1
八方ふさがり,n,-1
八方破れ,n,-1
発火,n,-1
発覚,n,-1
発揮,p,1
発言力,p,1
発作,n,-1
発症,n,-1
発疹,n,-1
発生,n,-1
発想力,p,1
発達,p,1
発展,p,1
発展性,p,1
発熱,n,-1
発病,n,-1
罰,n,-1
罰金,n,-1
罰金刑,n,-1
罰当たり,n,-1
抜かり,n,-1
抜け毛,n,-1
抜群,p,1
判断ミス,n,-1
判断能力,p,1
判断力,p,1
半壊,n,-1
半殺し,n,-1
半死,n,-1
半死半生,n,-1
半信半疑,n,-1
半端,n,-1
半病人,n,-1
反感,n,-1
反逆,n,-1
反抗,n,-1
反骨,p,1
反省点,n,-1
反戦平和,p,1
反則,n,-1
反体制,n,-1
反対,n,-1
反対運動,n,-1
反吐,n,-1
反騰,n,-1
反発,n,-1
反米感情,n,-1
反目,n,-1
反落,n,-1
反乱,n,-1
反論,n,-1
叛乱,n,-1
板の間稼ぎ,n,-1
板挟み,n,-1
氾濫,n,-1
汎愛,p,1
汎用性,p,1
犯行,n,-1
犯罪,n,-1
犯罪行為,n,-1
犯罪者,n,-1
犯罪性,n,-1
犯人,n,-1
繁栄,p,1
繁華,p,1
繁盛,p,1
般若,n,-1
販売中止,n,-1
販路,p,1
煩い,n,-1
煩わしさ,n,-1
煩雑,n,-1
煩多,n,-1
煩悩,n,-1
煩悶,n,-1
煩瑣,n,-1
晩成,p,1
蛮行,n,-1
蛮声,n,-1
匪賊,n,-1
卑怯,n,-1
卑屈,n,-1
卑見,n,-1
否,n,-1
悲しさ,n,-1
悲しみ,n,-1
悲哀,n,-1
悲運,n,-1
悲観,n,-1
悲観論,n,-1
悲劇,n,-1
悲惨,n,-1
悲惨さ,n,-1
悲愁,n,-1
悲傷,n,-1
悲壮感,n,-1
悲嘆,n,-1
悲痛,n,-1
悲報,n,-1
悲鳴,n,-1
悲愴感,n,-1
批判,n,-1
批判精神,p,1
比翼連理,p,1
疲れ,n,-1
疲れ目,n,-1
疲弊,n,-1
疲労,n,-1
疲労感,n,-1
疲労困憊,n,-1
疲労度,n,-1
疲憊,n,-1
皮疹,n,-1
皮肉,n,-1
皮膚がん,n,-1
皮膚炎,n,-1
皮膚疾患,n,-1
皮膚病,n,-1
皮癬,n,-1
肥大,n,-1
肥満,n,-1
被害,n,-1
被害拡大,n,-1
被害者,n,-1
被害者意識,n,-1
被害妄想,n,-1
被虐,n,-1
被災,n,-1
被災地,n,-1
被写界深度,p,1
被弾,n,-1
被曝,n,-1
被爆,n,-1
被爆者,n,-1
誹謗,n,-1
誹謗中傷,n,-1
費用,n,-1
避難,n,-1
非,n,-1
非の打ちどころ,n,-1
非運,n,-1
非行,n,-1
非合理,n,-1
非常,n,-1
非常事態,n,-1
非常識,n,-1
非情,n,-1
非人,n,-1
非人間的,n,-1
非人情,n,-1
非道,n,-1
非難,n,-1
非能率,n,-1
非凡,p,1
非力,n,-1
非礼,n,-1
飛蚊症,n,-1
飛距離,p,1
飛行機,p,1
飛散,n,-1
備え,p,1
微罪,n,-1
微笑み,p,1
微熱,n,-1
眉目秀麗,p,1
美,p,1
美しさ,p,1
美果,p,1
美学,p,1
美観,p,1
美形,p,1
美景,p,1
美質,p,1
美女,p,1
美少女,p,1
美少年,p,1
美丈夫,p,1
美食,p,1
美人,p,1
美声,p,1
美男,p,1
美男子,p,1
美男美女,p,1
美的感覚,p,1
美点,p,1
美徳,p,1
美肌,p,1
美貌,p,1
美味,p,1
美味しさ,p,1
美妙,p,1
美名,p,1
美麗,p,1
鼻炎,n,-1
鼻詰まり,n,-1
鼻血,n,-1
鼻水,n,-1
鼻声,n,-1
鼻息,n,-1
鼻風邪,n,-1
必備,p,1
筆まめ,p,1
筆禍,n,-1
筆不精,n,-1
逼塞,n,-1
逼迫,n,-1
百人力,p,1
百戦百勝,p,1
百日ぜき,n,-1
謬見,n,-1
氷河期,n,-1
漂流,n,-1
表敬,p,1
表現能力,p,1
表現力,p,1
表示方法,n,-1
表彰,p,1
表情,p,1
表徳,p,1
評点,p,1
評判,p,1
病,n,-1
病い,n,-1
病院,n,-1
病臥,n,-1
病害虫,n,-1
病気,n,-1
病気そのもの,n,-1
病気欠席,n,-1
病気等,n,-1
病菌,n,-1
病苦,n,-1
病欠,n,-1
病原菌,n,-1
病原体,n,-1
病妻,n,-1
病児,n,-1
病者,n,-1
病弱,n,-1
病床,n,-1
病状,n,-1
病身,n,-1
病人,n,-1
病巣,n,-1
病夫,n,-1
病婦,n,-1
病癖,n,-1
病変,n,-1
病魔,n,-1
病理,n,-1
品,p,1
品位,p,1
品格,p,1
品質,p,1
品性,p,1
品切れ,n,-1
品薄,n,-1
品不足,n,-1
瀕死,n,-1
貧,n,-1
貧しさ,n,-1
貧窮,n,-1
貧苦,n,-1
貧血,n,-1
貧困,n,-1
貧者,n,-1
貧弱,n,-1
貧打,n,-1
貧乏,n,-1
貧乏くじ,n,-1
貧乏神,n,-1
貧乏性,n,-1
貧乏生活,n,-1
貧賤,n,-1
頻尿,n,-1
敏捷,p,1
敏捷性,p,1
敏速,p,1
敏腕,p,1
不安,n,-1
不安感,n,-1
不安定,n,-1
不安定さ,n,-1
不案内,n,-1
不一致,n,-1
不運,n,-1
不可,n,-1
不可欠,p,1
不可能,n,-1
不快,n,-1
不快さ,n,-1
不快感,n,-1
不確か,n,-1
不確かさ,n,-1
不確実,n,-1
不確定,n,-1
不確定要素,n,-1
不覚,n,-1
不完全,n,-1
不完全燃焼,n,-1
不感症,n,-1
不慣れ,n,-1
不器用,n,-1
不器量,n,-1
不機嫌,n,-1
不気味,n,-1
不気味さ,n,-1
不規則,n,-1
不規律,n,-1
不軌,n,-1
不義,n,-1
不義理,n,-1
不吉,n,-1
不急,n,-1
不漁,n,-1
不協和音,n,-1
不況,n,-1
不興,n,-1
不均衡,n,-1
不倶戴天,n,-1
不倶戴天の敵,n,-1
不具合,n,-1
不遇,n,-1
不屈,p,1
不敬,n,-1
不景気,n,-1
不経済,n,-1
不潔,n,-1
不健康,n,-1
不健全,n,-1
不公平,n,-1
不公平感,n,-1
不向き,n,-1
不幸,n,-1
不幸せ,n,-1
不幸中の幸い,p,1
不行き届き,n,-1
不行状,n,-1
不行跡,n,-1
不合格,n,-1
不合理,n,-1
不細工,n,-1
不在,n,-1
不作,n,-1
不参,n,-1
不参加,n,-1
不賛成,n,-1
不始末,n,-1
不死,p,1
不死身,p,1
不治の病,n,-1
不自然,n,-1
不自然さ,n,-1
不自由,n,-1
不自由さ,n,-1
不実,n,-1
不手際,n,-1
不十分,n,-1
不十分さ,n,-1
不祝儀,n,-1
不出来,n,-1
不純,n,-1
不順,n,-1
不所存,n,-1
不祥,n,-1
不祥事,n,-1
不条理,n,-1
不浄,n,-1
不信,n,-1
不信感,n,-1
不信任,n,-1
不審,n,-1
不審者,n,-1
不心得,n,-1
不振,n,-1
不親切,n,-1
不身持ち,n,-1
不人気,n,-1
不人情,n,-1
不成功,n,-1
不整合,n,-1
不整脈,n,-1
不正,n,-1
不正アクセス,n,-1
不正確,n,-1
不正行為,n,-1
不正使用,n,-1
不正利用,n,-1
不精,n,-1
不精・無精,n,-1
不摂生,n,-1
不戦勝,p,1
不全,n,-1
不足,n,-1
不足分,n,-1
不仲,n,-1
不注意,n,-1
不調,n,-1
不調法,n,-1
不調法・無調法,n,-1
不釣り合い,n,-1
不貞,n,-1
不定愁訴,n,-1
不敵,n,-1
不適格,n,-1
不適任,n,-1
不渡り,n,-1
不都合,n,-1
不当,n,-1
不当労働行為,n,-1
不透明さ,n,-1
不動,p,1
不同沈下,n,-1
不道徳,n,-1
不得意,n,-1
不得手,n,-1
不徳,n,-1
不徳義,n,-1
不届き,n,-1
不妊,n,-1
不妊症,n,-1
不熱心,n,-1
不能,n,-1
不敗,p,1
不備,n,-1
不美人,n,-1
不必要,n,-1
不評,n,-1
不評判,n,-1
不品行,n,-1
不風流,n,-1
不服,n,-1
不平,n,-1
不平等,n,-1
不平不満,n,-1
不偏,p,1
不便,n,-1
不便さ,n,-1
不勉強,n,-1
不法,n,-1
不法行為,n,-1
不法行為責任,n,-1
不法侵入,n,-1
不法滞在,n,-1
不法投棄,n,-1
不満,n,-1
不満足,n,-1
不満点,n,-1
不味,n,-1
不眠,n,-1
不眠症,n,-1
不名誉,n,-1
不明確,n,-1
不明点,n,-1
不毛,n,-1
不愉快,n,-1
不用,n,-1
不用意,n,-1
不要,n,-1
不利,n,-1
不利益,n,-1
不良,n,-1
不良債権,n,-1
不良債権処理,n,-1
不良在庫,n,-1
不倫,n,-1
不老,p,1
不老長寿,p,1
不老不死,p,1
不和,n,-1
不埒,n,-1
不愍,n,-1
不憫,n,-1
不憫・不愍,n,-1
不逞,n,-1
付かぬ事,n,-1
付き合い,p,1
付け,n,-1
付け景気,n,-1
夫婦げんか,n,-1
夫婦喧嘩,n,-1
婦女暴行,n,-1
婦人病,n,-1
婦徳,p,1
富,p,1
富強,p,1
富国,p,1
富国強兵,p,1
富力,p,1
布施,p,1
怖さ,n,-1
怖気,n,-1
普及,p,1
普遍性,p,1
浮き名,n,-1
浮気,n,-1
浮腫,n,-1
腐臭,n,-1
腐食,n,-1
腐敗,n,-1
負,n,-1
負け,n,-1
負けじ魂,p,1
負けん気,p,1
負け越し,n,-1
負け犬,n,-1
負け戦,n,-1
負圧,n,-1
負荷,n,-1
負債,n,-1
負傷,n,-1
負傷者,n,-1
負担,n,-1
負担増,n,-1
武,p,1
武運,p,1
武名,p,1
武勇,p,1
武勇伝,p,1
武力,p,1
部外者,n,-1
部材,p,1
部品,n,-1
部落差別,n,-1
封殺,p,1
風雲児,p,1
風格,p,1
風光明媚,p,1
風合い,p,1
風災,n,-1
風邪,n,-1
風邪引き,n,-1
風邪気,n,-1
風邪気味,n,-1
風邪声,n,-1
風樹の嘆,n,-1
風情,p,1
風疹,n,-1
風水害,n,-1
風潮,n,-1
風評,p,1
風評被害,n,-1
風味,p,1
風流,p,1
風流韻事,p,1
副作用,n,-1
副賞,p,1
副鼻腔炎,n,-1
復活,p,1
復帰,p,1
復権,p,1
復原力,p,1
復習,p,1
復調,p,1
服役,n,-1
福,p,1
福の神,p,1
福運,p,1
福祉,p,1
福祉サービス,p,1
福徳,p,1
腹水,n,-1
腹痛,n,-1
腹膜炎,n,-1
腹立たしさ,n,-1
複雑性,n,-1
複雑多岐,n,-1
複製権,p,1
覆面,n,-1
仏心,p,1
仏罰,n,-1
物おじ,n,-1
物もらい,n,-1
物忌,n,-1
物故,n,-1
物寂しさ,n,-1
物取り,n,-1
物柔らか,p,1
物静か,p,1
物騒,n,-1
物足りなさ,n,-1
物知らず,n,-1
物悲しさ,n,-1
物忘れ,n,-1
物憂さ,n,-1
分け前,p,1
分析力,p,1
分損,n,-1
分明,p,1
分裂症,n,-1
分裂病,n,-1
噴火,n,-1
噴火口,n,-1
噴飯,n,-1
噴飯物,n,-1
憤慨,n,-1
憤懣,n,-1
焚書,n,-1
奮迅,p,1
奮励,p,1
糞,n,-1
糞スレ,n,-1
糞尿,n,-1
糞便,n,-1
紛糾,n,-1
紛失,n,-1
紛擾,n,-1
紛争,n,-1
雰囲気,p,1
文なし,n,-1
文化,p,1
文化人,p,1
文句,n,-1
文句なし,p,1
文字コード,n,-1
文字化け,n,-1
文殊の知恵,p,1
文章力,p,1
文人,p,1
文武両道,p,1
文名,p,1
聞き巧者,p,1
聞き上手,p,1
併殺,n,-1
平安,p,1
平易,p,1
平穏,p,1
平気,p,1
平謝り,n,-1
平手,n,-1
平手打ち,n,-1
平静,p,1
平静さ,p,1
平等,p,1
平等性,p,1
平凡,n,-1
平明,p,1
平和,p,1
平和主義,p,1
平和的解決,p,1
弊害,n,-1
閉館,n,-1
閉業,n,-1
閉口,n,-1
閉校,n,-1
閉鎖,n,-1
閉鎖性,n,-1
閉塞,n,-1
閉塞感,n,-1
閉塞状況,n,-1
閉山,n,-1
閉店,n,-1
僻,n,-1
僻見,n,-1
壁,n,-1
癖,n,-1
別れ,n,-1
別居,n,-1
別段,p,1
別離,n,-1
偏り,n,-1
偏見,n,-1
偏向,n,-1
偏差,n,-1
偏差値,p,1
偏執,n,-1
偏執狂,n,-1
偏執病,n,-1
偏食,n,-1
偏頭痛,n,-1
変,n,-1
変わり者,n,-1
変異,n,-1
変死,n,-1
変事,n,-1
変質,n,-1
変色,n,-1
変人,n,-1
変態,n,-1
変態性欲,n,-1
変調,n,-1
変動,n,-1
変約,n,-1
片恨み,n,-1
片手間,n,-1
片田舎,n,-1
片頭痛,n,-1
片頭痛・偏頭痛,n,-1
辺境,n,-1
返り咲き,p,1
返還,p,1
返金,p,1
返済,p,1
返事,p,1
返信,p,1
便,p,1
便宜,p,1
便秘,n,-1
便便,n,-1
便利,p,1
便利さ,p,1
勉強時間,p,1
勉強不足,n,-1
弁解,n,-1
弁膜症,n,-1
保温,p,1
保温性,p,1
保菌者,n,-1
保護,p,1
保持,p,1
保湿効果,p,1
保証,p,1
保証付き,p,1
保水力,p,1
保存性,p,1
捕虜収容所,n,-1
歩み,p,1
補給,p,1
補充,p,1
補填,p,1
墓,n,-1
墓地,n,-1
母性愛,p,1
菩提心,p,1
包囲,n,-1
包茎,n,-1
包容力,p,1
呆気,n,-1
呆然,n,-1
報酬,p,1
報奨金,p,1
報道被害,n,-1
報復,n,-1
報復攻撃,n,-1
奉加,p,1
奉祝,p,1
宝石,p,1
宝刀,p,1
宝物,p,1
峰打ち,n,-1
崩れ,n,-1
崩壊,n,-1
崩御,n,-1
崩落,n,-1
放逸,n,-1
放火魔,n,-1
放射線,n,-1
放射線障害,n,-1
放射能,n,-1
放射能汚染,n,-1
放射能漏れ,n,-1
放縦,n,-1
放出,n,-1
放送禁止,n,-1
放置,n,-1
放蕩,n,-1
放漫,n,-1
放浪,n,-1
放恣,n,-1
方向音痴,n,-1
方法,p,1
法悦,p,1
法曹,p,1
法的根拠,p,1
法典,p,1
法難,n,-1
法律違反,n,-1
法力,p,1
砲弾,n,-1
芳志,p,1
芳醇,p,1
芳情,p,1
蜂,n,-1
豊か,p,1
豊かさ,p,1
豊艶,p,1
豊漁,p,1
豊作,p,1
豊穣,p,1
豊年,p,1
豊年満作,p,1
豊富,p,1
豊麗,p,1
豊饒,p,1
飽き,n,-1
飽き性,n,-1
飽き飽き,n,-1
飽満,p,1
乏しさ,n,-1
亡骸,n,-1
亡魂,n,-1
亡失,n,-1
亡羊の嘆,n,-1
亡霊,n,-1
傍若無人,n,-1
妨げ,n,-1
妨害,n,-1
忘れ,n,-1
忘れ物,n,-1
忘失,n,-1
暴圧,n,-1
暴漢,n,-1
暴虐,n,-1
暴挙,n,-1
暴君,n,-1
暴言,n,-1
暴行,n,-1
暴行事件,n,-1
暴状,n,-1
暴走,n,-1
暴走行為,n,-1
暴走族,n,-1
暴徒,n,-1
暴投,n,-1
暴騰,n,-1
暴動,n,-1
暴発,n,-1
暴評,n,-1
暴風,n,-1
暴落,n,-1
暴力,n,-1
暴力行為,n,-1
暴力沙汰,n,-1
暴力事件,n,-1
暴力性,n,-1
暴力団,n,-1
暴露,n,-1
暴論,n,-1
望み,p,1
望洋の嘆,n,-1
棒下げ,n,-1
棒上げ,n,-1
冒険心,p,1
膨満,n,-1
謀反,n,-1
貿易赤字,n,-1
貿易摩擦,n,-1
防御力,p,1
防止,p,1
防水性,p,1
朴訥,p,1
勃興,p,1
没,n,-1
没落,n,-1
奔騰,n,-1
本格,p,1
本気,p,1
本然,p,1
本尊,p,1
本調子,p,1
本当,p,1
本病,n,-1
本物,p,1
本分,p,1
本塁打,p,1
凡ミス,n,-1
凡作,n,-1
凡戦,n,-1
凡打,n,-1
凡退,n,-1
磨耗,n,-1
魔,n,-1
魔手,n,-1
魔女狩り,n,-1
魔神,n,-1
魔人,n,-1
魔性,n,-1
魔族,n,-1
魔物,n,-1
魔羅,n,-1
麻疹,n,-1
麻薬,n,-1
麻痺,n,-1
末期,n,-1
末期ガン,n,-1
末期癌,n,-1
末期症状,n,-1
末広がり,p,1
万引,n,-1
万引き,n,-1
万死,n,-1
万謝,p,1
万全,p,1
万難,n,-1
万能,p,1
万病,n,-1
万福,p,1
万万歳,p,1
慢性,n,-1
慢性肝炎,n,-1
慢性関節リウマチ,n,-1
慢性疾患,n,-1
慢性病,n,-1
満悦,p,1
満開,p,1
満喫,p,1
満載,p,1
満作,p,1
満室,n,-1
満州事変,n,-1
満身創痍,n,-1
満足,p,1
満足感,p,1
満足度,p,1
満点,p,1
満腹,p,1
満腹感,p,1
満塁,p,1
漫然,n,-1
漫罵,n,-1
蔓延,n,-1
味,p,1
味わい,p,1
味覚,p,1
味方,p,1
味方・身方,p,1
未完成,n,-1
未熟,n,-1
未熟さ,n,-1
未熟者,n,-1
未納,n,-1
未病,n,-1
未来,p,1
未練,n,-1
魅,p,1
魅了,p,1
魅力,p,1
妙案,p,1
妙技,p,1
妙手,p,1
民主化,p,1
民族差別,n,-1
眠さ,n,-1
眠たさ,n,-1
眠り,p,1
眠気,n,-1
夢中遊行症,n,-1
夢魔,n,-1
夢遊病,n,-1
夢寐,p,1
無愛想,n,-1
無意味,n,-1
無一物,n,-1
無一文,n,-1
無益,n,-1
無遠慮,n,-1
無害,p,1
無学,n,-1
無機質,n,-1
無気力,n,-1
無軌道,n,-1
無休,n,-1
無限ループ,n,-1
無呼吸,n,-1
無呼吸症候群,n,-1
無効,n,-1
無垢,p,1
無彩色,n,-1
無策,n,-1
無雑作,n,-1
無惨,n,-1
無産,n,-1
無残,n,-1
無残・無惨,n,-1
無視,n,-1
無事,p,1
無事故,p,1
無慈悲,n,-1
無邪気,p,1
無傷,p,1
無情,n,-1
無心,p,1
無神経,n,-1
無精,n,-1
無責任,n,-1
無節操,n,-1
無銭,n,-1
無造作,n,-1
無造作・無雑作,n,-1
無駄,n,-1
無駄遣い,n,-1
無駄使い,n,-1
無断,n,-1
無断リンク,n,-1
無断使用,n,-1
無知,n,-1
無秩序,n,-1
無茶,n,-1
無茶苦茶,n,-1
無調法,n,-1
無敵,p,1
無念,n,-1
無念さ,n,-1
無念無想,n,-1
無能,n,-1
無能力,n,-1
無敗,p,1
無筆,n,-1
無病息災,p,1
無風流,n,-1
無風流・不風流,n,-1
無法,n,-1
無謀,n,-1
無防備,n,-1
無名,n,-1
無明,n,-1
無目的,n,-1
無様,n,-1
無用,n,-1
無理,n,-1
無理難題,n,-1
無料,p,1
無力,n,-1
無力さ,n,-1
無力感,n,-1
無礼,n,-1
矛盾,n,-1
矛盾点,n,-1
霧,n,-1
冥加,p,1
冥福,n,-1
冥利,p,1
名,p,1
名うて,p,1
名セリフ,p,1
名案,p,1
名医,p,1
名演,p,1
名家,p,1
名花,p,1
名曲,p,1
名言,p,1
名工,p,1
名作,p,1
名残,n,-1
名残り,n,-1
名手,p,1
名所,p,1
名勝,p,1
名勝負,p,1
名匠,p,1
名乗り,p,1
名場面,p,1
名人,p,1
名声,p,1
名代,p,1
名台詞,p,1
名店,p,1
名馬,p,1
名品,p,1
名物,p,1
名聞,p,1
名門,p,1
名誉,p,1
名誉毀損,n,-1
名利,p,1
名流,p,1
命,p,1
命がけ,p,1
命取り,n,-1
命終,n,-1
命脈,p,1
命冥加,p,1
明るさ,p,1
明解,p,1
明快,p,1
明確,p,1
明鏡止水,p,1
明日,p,1
明明白白,p,1
明瞭,p,1
明瞭度,p,1
明朗,p,1
明媚,p,1
明晰,p,1
迷い,n,-1
迷子,n,-1
迷信,n,-1
迷走,n,-1
迷惑,n,-1
迷惑メール,n,-1
迷惑行為,n,-1
迷惑電話,n,-1
銘,p,1
滅失,n,-1
滅亡,n,-1
免疫,p,1
免疫機能,p,1
免疫不全,n,-1
免疫力,p,1
免許皆伝,p,1
面汚し,n,-1
面倒,n,-1
面罵,n,-1
面白さ,p,1
面白み,p,1
面白味,p,1
面目,p,1
面疔,n,-1
妄執,n,-1
妄信,n,-1
妄想,n,-1
妄念,n,-1
妄評,n,-1
毛嫌い,n,-1
毛虫,n,-1
猛威,n,-1
猛火,n,-1
猛暑,n,-1
盲腸,n,-1
盲腸炎,n,-1
盲点,n,-1
盲目,n,-1
網膜症,n,-1
網膜剥離,n,-1
蒙昧,n,-1
木くず,n,-1
目くじら,n,-1
目くらまし,n,-1
目の上のこぶ,n,-1
目の上のこぶ／のたんこぶ,n,-1
目の上のたんこぶ,n,-1
目の敵,n,-1
目やに,n,-1
目隠し,n,-1
目詰まり,n,-1
目障り,n,-1
目切れ,n,-1
目潰し,n,-1
目的意識,p,1
目的達成,p,1
目途,p,1
目標,p,1
目標達成,p,1
目腐れ,n,-1
目利き,p,1
目眩,n,-1
尤物,p,1
問責,n,-1
問題,n,-1
問題意識,p,1
問題解決,p,1
問題解決能力,p,1
問題行動,n,-1
問題点,n,-1
悶絶,n,-1
悶着,n,-1
門違い,n,-1
門前払い,n,-1
夜泣き,n,-1
夜叉,n,-1
夜襲,n,-1
夜盗,n,-1
夜尿症,n,-1
夜這い,n,-1
夜盲症,n,-1
夜遊び,n,-1
野犬,n,-1
野菜不足,n,-1
野次,n,-1
野次馬,n,-1
野性味,p,1
野盗,n,-1
野蛮,n,-1
野放図,n,-1
厄,n,-1
厄介,n,-1
厄難,n,-1
役者が一枚上,p,1
役不足,n,-1
薬禍,n,-1
薬害エイズ,n,-1
薬効,p,1
薬師如来,p,1
躍進,p,1
躍動感,p,1
愉悦,p,1
愉快,p,1
油汚れ,n,-1
油膜,n,-1
癒着,n,-1
優,p,1
優しさ,p,1
優位,p,1
優位性,p,1
優越,p,1
優越感,p,1
優雅,p,1
優雅さ,p,1
優遇措置,p,1
優秀,p,1
優秀賞,p,1
優柔不断,n,-1
優勝,p,1
優勝者,p,1
優勢,p,1
優男,n,-1
優等,p,1
優美,p,1
優美さ,p,1
勇,p,1
勇み足,n,-1
勇敢,p,1
勇気,p,1
勇健,p,1
勇者,p,1
勇戦,p,1
勇退,p,1
勇名,p,1
勇猛,p,1
勇躍,p,1
友愛,p,1
友誼,p,1
友好,p,1
友好関係,p,1
友好親善,p,1
友情,p,1
友人,p,1
友達,p,1
幽遠,p,1
幽寂,p,1
幽愁,n,-1
幽邃,p,1
悠悠自適,p,1
憂,n,-1
憂い・憂え,n,-1
憂え,n,-1
憂えなし,p,1
憂き目,n,-1
憂さ,n,-1
憂患,n,-1
憂苦,n,-1
憂国,n,-1
憂愁,n,-1
憂悶,n,-1
憂慮,n,-1
憂鬱,n,-1
有り難さ,p,1
有意義,p,1
有益,p,1
有休,p,1
有給,p,1
有効,p,1
有効活用,n,-1
有効性,p,1
有効成分,p,1
有効打,p,1
有彩色,p,1
有事,n,-1
有識,p,1
有償,n,-1
有情,p,1
有毒,n,-1
有難さ,p,1
有望,p,1
有名,p,1
有名どころ,p,1
有名無実,n,-1
有用,p,1
有用性,p,1
有利,p,1
有料,n,-1
有力,p,1
有力選手,p,1
猶予期間,p,1
裕福,p,1
誘い,p,1
誘拐,n,-1
誘拐事件,n,-1
誘爆,n,-1
遊び心,p,1
遊び人,n,-1
遊惰,n,-1
遊蕩,n,-1
雄健,p,1
雄大,p,1
融和,p,1
予後,n,-1
予防,p,1
予防措置,p,1
余栄,p,1
余寒,n,-1
余罪,n,-1
余震,n,-1
余徳,p,1
余念,n,-1
余波,n,-1
余裕,p,1
余殃,n,-1
誉れ,p,1
預貯金,p,1
幼弱,n,-1
幼稚,n,-1
妖しさ,n,-1
妖怪,n,-1
妖気,n,-1
妖美,p,1
容易,p,1
容疑,n,-1
容量不足,n,-1
揺り返し,n,-1
揺れ,n,-1
様式美,p,1
溶岩流,n,-1
用なし,n,-1
用意周到,p,1
用済み,n,-1
用途,p,1
羊頭狗肉,n,-1
要,p,1
要なし,n,-1
要なし・用なし,n,-1
要求,n,-1
要件,p,1
要職,p,1
陽,p,1
陽気,p,1
養分,p,1
抑圧,n,-1
抑鬱,n,-1
抑鬱症,n,-1
欲,n,-1
欲求不満,n,-1
欲情,n,-1
欲心,n,-1
翼賛,p,1
羅刹,n,-1
裸一貫,n,-1
頼もしさ,p,1
雷,n,-1
雷雨,n,-1
雷撃,n,-1
雷名,p,1
落ちつき,p,1
落ち込み,n,-1
落ち着き,p,1
落ち度,n,-1
落ち目,n,-1
落とし穴,n,-1
落下,n,-1
落果,n,-1
落球,n,-1
落伍,n,-1
落伍・落後,n,-1
落後,n,-1
落差,n,-1
落車,n,-1
落書き,n,-1
落石,n,-1
落選,n,-1
落胆,n,-1
落馬,n,-1
落盤,n,-1
落命,n,-1
落輪,n,-1
落魄,n,-1
乱れ,n,-1
乱開発,n,-1
乱獲,n,-1
乱気流,n,-1
乱撃,n,-1
乱行,n,-1
乱高下,n,-1
乱雑,n,-1
乱視,n,-1
乱調,n,-1
乱闘,n,-1
乱発,n,-1
乱発・濫発,n,-1
乱費,n,-1
乱費・濫費,n,-1
乱文,n,-1
乱暴,n,-1
乱用,n,-1
乱立,n,-1
卵巣嚢腫,n,-1
嵐,n,-1
濫行,n,-1
濫行・乱行,n,-1
濫造,n,-1
濫費,n,-1
濫用,n,-1
利,p,1
利運,p,1
利益,p,1
利益率,p,1
利回り,p,1
利権,p,1
利潤,p,1
利点,p,1
利得,p,1
利幅,p,1
利便,p,1
利便性,p,1
利用価値,p,1
利用権,p,1
利用効率,p,1
利用時間,p,1
利用者,p,1
利用条件,n,-1
利用制限,n,-1
利用頻度,p,1
理,p,1
理解,p,1
理解力,p,1
理屈抜き,p,1
理性,p,1
理想,p,1
理想郷,p,1
理知,p,1
理念,p,1
理不尽,n,-1
理不尽さ,n,-1
裏切り,n,-1
裏切り者,n,-1
離縁,n,-1
離婚,n,-1
離散,n,-1
離脱症状,n,-1
立ちくらみ,n,-1
立ちすくみ,n,-1
立ち往生,n,-1
立体感,p,1
立派,p,1
略奪,n,-1
流感,n,-1
流刑,n,-1
流血,n,-1
流行り病,n,-1
流行性感冒,n,-1
流行病,n,-1
流罪,n,-1
流産,n,-1
流出,n,-1
流用,n,-1
流謫,n,-1
溜め息,n,-1
留年,n,-1
隆昌,p,1
隆盛,p,1
竜巻,n,-1
旅行,p,1
旅行気分,p,1
旅情,p,1
旅疲れ,n,-1
両全,p,1
両雄,p,1
両立,p,1
料金,n,-1
梁上の君子,n,-1
涼しげ,p,1
涼しさ,p,1
涼感,p,1
良,p,1
良さ,p,1
良縁,p,1
良型,p,1
良好,p,1
良材,p,1
良作,p,1
良識,p,1
良質,p,1
良心,p,1
良智良能,p,1
良能,p,1
良品,p,1
量,p,1
量感,p,1
量刑,n,-1
力,p,1
力ずく,n,-1
力強さ,p,1
力作,p,1
力戦,p,1
力闘,p,1
力不足,n,-1
力編,p,1
力落とし,n,-1
力量,p,1
緑内障,n,-1
倫理,p,1
倫理観,p,1
淋しさ,n,-1
淋菌,n,-1
臨界,n,-1
臨界事故,n,-1
臨終,n,-1
臨場感,p,1
輪禍,n,-1
涙声,n,-1
累犯,n,-1
類焼,n,-1
令名,p,1
冷え症,n,-1
冷え性,n,-1
冷たさ,n,-1
冷ややか,n,-1
冷夏,n,-1
冷害,n,-1
冷汗,n,-1
冷血,n,-1
冷血漢,n,-1
冷笑,n,-1
冷静,p,1
冷静さ,p,1
冷静沈着,p,1
冷戦,n,-1
冷徹,p,1
冷罵,n,-1
冷評,n,-1
励まし,p,1
励み,p,1
礼儀,p,1
零点,n,-1
零敗,p,1
零落,n,-1
霊験,p,1
霊力,p,1
麗人,p,1
歴史文化,p,1
歴然,p,1
歴歴,p,1
列車事故,n,-1
劣悪,n,-1
劣化,n,-1
劣化ウラン弾,n,-1
劣弱,n,-1
劣情,n,-1
劣勢,n,-1
劣性,n,-1
劣等,n,-1
劣等感,n,-1
烈女,n,-1
裂果,n,-1
裂傷,n,-1
廉価,p,1
恋しさ,p,1
恋愛,p,1
恋愛感情,p,1
恋情,p,1
恋心,p,1
恋人,p,1
恋人気分,p,1
恋着,p,1
恋煩い,n,-1
恋風,p,1
練習不足,n,-1
連休ぼけ,n,-1
連鎖倒産,n,-1
連勝,p,1
連戦連勝,p,1
連続攻撃,n,-1
連続殺人事件,n,-1
連続性,p,1
連打,n,-1
連帯意識,p,1
連帯感,p,1
連覇,p,1
連敗,n,-1
路上生活,n,-1
路上駐車,n,-1
露,n,-1
露の命,n,-1
露骨,n,-1
露命,n,-1
労,n,-1
労咳,n,-1
労苦,n,-1
労災,n,-1
労働意欲,p,1
労働災害,n,-1
労働争議,n,-1
労働力,p,1
労働力不足,n,-1
朗色,p,1
朗報,p,1
浪人,n,-1
浪人生活,n,-1
浪費,n,-1
漏り,n,-1
漏れ,n,-1
漏洩,n,-1
漏出,n,-1
漏水,n,-1
漏電,n,-1
牢乎,p,1
牢乎・牢固,p,1
牢固,p,1
狼,n,-1
狼藉,n,-1
老化現象,n,-1
老眼,n,-1
老朽,n,-1
老朽化,n,-1
老婆心,p,1
老廃,n,-1
老舗,p,1
老齢基礎年金,p,1
老練,p,1
老獪,p,1
六波羅蜜,p,1
肋間神経痛,n,-1
肋膜炎,n,-1
録,p,1
論旨,p,1
論理,p,1
論理性,p,1
論理的,p,1
論理的思考,p,1
論理的思考力,p,1
倭寇,n,-1
倭寇・和寇,n,-1
和,p,1
和姦,n,-1
和気,p,1
和魂漢才,p,1
和平,p,1
和寇,n,-1
話し上手,p,1
話題,p,1
話題性,p,1
歪,n,-1
歪み,n,-1
歪曲,n,-1
湾岸戦争,n,-1
腕こき,p,1
腕こき・腕っこき,p,1
腕っこき,p,1
腕利き,p,1
腕力,p,1
乖離,n,-1
偕老同穴,p,1
傲慢,n,-1
傲慢さ,n,-1
僥倖,p,1
冤罪,n,-1
几帳面,p,1
呵責,n,-1
呵呵大笑,p,1
咎,n,-1
咆哮,n,-1
咬傷,n,-1
喀血,n,-1
喘息,n,-1
喘鳴,n,-1
嗅覚,p,1
嗟嘆,p,1
嗤笑,n,-1
嘔吐,n,-1
嘲笑,n,-1
嘲罵,n,-1
嚥下障害,n,-1
埓埒,n,-1
毀損,n,-1
毀誉褒貶,p,1
奸計,n,-1
奸知,n,-1
嬌笑,n,-1
嬌声,n,-1
屁,n,-1
屁理屈,n,-1
屏息,n,-1
彙報,n,-1
恍惚感,p,1
恣意,n,-1
恣意性,n,-1
愍然,n,-1
慇懃,p,1
慇懃無礼,n,-1
憫笑,n,-1
憫然,n,-1
懊悩,n,-1
罹患,n,-1
罹災,n,-1
罹病,n,-1
懶惰,n,-1
捏造,n,-1
掏り,n,-1
攪乱,n,-1
撥水性,p,1
擱坐,n,-1
旱魃,n,-1
曖昧,n,-1
曖昧さ,n,-1
曖昧性,n,-1
杞憂,n,-1
枷,n,-1
檻,n,-1
鬱,n,-1
鬱屈,n,-1
鬱血,n,-1
鬱状態,n,-1
鬱積,n,-1
鬱病,n,-1
鬱憤,n,-1
殷賑,p,1
氣,p,1
洒落,p,1
淪落,n,-1
烙印,n,-1
烽火,n,-1
狡知,n,-1
猜疑,n,-1
猩紅熱,n,-1
瑕瑾,n,-1
瑕疵,n,-1
瑣事,n,-1
瑣事・些事,n,-1
疔,n,-1
疝気,n,-1
疝痛,n,-1
疥癬,n,-1
疼痛,n,-1
疱疹,n,-1
疱瘡,n,-1
痒み,n,-1
痒疹,n,-1
痙攣,n,-1
痰,n,-1
痺れ,n,-1
瘢痕,n,-1
瘤,n,-1
瘴気,n,-1
瘴癘,n,-1
瘰癧,n,-1
癇,n,-1
癇癖,n,-1
癇癪,n,-1
癇癪持ち,n,-1
癪,n,-1
癪持ち,n,-1
癰,n,-1
眩暈,n,-1
瞑目,n,-1
矜持,p,1
矮小化,n,-1
磔刑,n,-1
穢れ,n,-1
糜爛,n,-1
絆,p,1
綺羅,p,1
綺麗,p,1
緻密,p,1
緻密さ,p,1
罠,n,-1
罨法,p,1
羞恥,n,-1
翡翠,p,1
腱鞘炎,n,-1
膀胱炎,n,-1
膂力,p,1
膠原病,n,-1
膵炎,n,-1
膺懲,n,-1
艱苦,n,-1
艱難,n,-1
艱難辛苦,n,-1
蕁麻疹,n,-1
薨去,n,-1
褥瘡,n,-1
訃,n,-1
訃音,n,-1
訃報,n,-1
訌争,n,-1
訛り,n,-1
詭弁,n,-1
諫止,n,-1
謗法,n,-1
謫居,n,-1
譴責,n,-1
豁然,p,1
貪欲,n,-1
贅,p,1
贅肉,n,-1
跼蹐,n,-1
踵落とし,n,-1
躁,n,-1
躁病,n,-1
躁鬱,n,-1
躁鬱病,n,-1
躊躇,n,-1
軋轢,n,-1
輻輳,n,-1
辟易,n,-1
辣腕,p,1
醵金,p,1
錚錚,n,-1
閨怨,n,-1
隘路,n,-1
頌徳,p,1
頽唐,n,-1
頽廃,n,-1
顰蹙,n,-1
騙り,n,-1
驍名,p,1
髀肉の嘆,n,-1
魑魅魍魎,n,-1